Taxid	Organelle	TTT	TTC	TTA	TTG	TCT	TCC	TCA	TCG	TAT	TAC	TAA	TAG	TGT	TGC	TGA	TGG	CTT	CTC	CTA	CTG	CCT	CCC	CCA	CCG	CAT	CAC	CAA	CAG	CGT	CGC	CGA	CGG	ATT	ATC	ATA	ATG	ACT	ACC	ACA	ACG	AAT	AAC	AAA	AAG	AGT	AGC	AGA	AGG	GTT	GTC	GTA	GTG	GCT	GCC	GCA	GCG	GAT	GAC	GAA	GAG	GGT	GGC	GGA	GGG	#CDS	#Codons	Species_Name
83916	mitochondrion	342	10	287	64	129	12	63	7	105	45	0	0	43	9	82	9	53	1	24	6	52	16	47	7	30	4	58	17	19	3	4	0	100	20	110	31	121	11	132	17	149	42	155	33	36	19	121	20	98	1	56	16	84	4	98	13	95	20	34	15	84	23	24	9	1	3339	Paramecium calkinsi
5886	mitochondrion	1232	1032	303	445	488	369	83	64	348	522	1	0	17	152	172	290	433	652	385	128	151	293	60	2	51	98	108	220	17	110	11	31	282	452	195	208	312	329	208	133	385	573	271	775	78	362	172	612	451	294	147	182	466	286	154	75	217	316	85	298	222	133	220	51	1	17212	Paramecium primaurelia
5888	mitochondrion	1219	775	264	323	454	273	41	94	287	447	2	3	70	94	168	226	393	643	333	179	83	319	57	0	45	121	124	142	12	102	50	31	307	336	215	188	148	267	266	198	299	510	336	502	143	244	119	437	399	242	119	177	408	226	127	75	110	336	59	346	106	228	144	158	1	15149	Paramecium tetraurelia
65130	mitochondrion	307	147	66	91	140	36	8	8	77	93	0	0	7	23	31	86	182	95	53	12	35	48	10	0	14	45	22	33	7	4	7	0	115	75	30	48	68	68	41	69	53	108	61	122	24	61	16	103	109	49	31	39	96	62	14	15	78	89	28	99	62	38	48	6	1	3612	Paramecium tredecaurelia
74790	mitochondrion	2788	104	3107	166	1172	90	445	64	972	6	0	51	281	0	544	0	38	0	129	2	291	130	276	10	234	61	582	0	260	0	1	0	1191	4	615	265	1056	154	470	5	1735	130	1777	69	579	9	929	1	829	12	176	1	1051	138	476	14	902	10	353	7	451	3	659	68	1	25943	Paramecium bursaria
5885	mitochondrion	4619	261	3807	363	1416	61	623	75	1335	341	42	0	222	22	722	1	432	12	81	10	577	14	635	7	379	120	662	37	22	2	6	1	1675	145	734	417	1028	58	1305	15	1684	554	2276	324	791	199	1424	98	1254	75	840	127	866	97	789	15	1079	167	608	192	1160	18	371	20	1	37312	Paramecium caudatum
44029	mitochondrion	554	399	125	234	253	106	34	36	182	178	0	0	28	52	121	192	254	273	112	29	69	67	57	0	39	86	58	71	5	21	0	0	153	325	81	90	154	234	89	54	89	251	113	269	71	111	111	202	171	139	59	89	170	78	99	10	108	228	45	206	121	88	89	4	1	7736	Paramecium jenningsi
44030	mitochondrion	1869	45	2013	77	864	10	326	4	455	118	0	0	76	1	459	0	151	0	139	13	82	7	522	5	203	12	269	7	5	0	5	0	913	26	202	136	836	8	471	0	713	170	795	150	240	92	879	2	698	1	309	6	286	2	517	0	511	18	164	72	503	10	181	0	1	16648	Paramecium multimicronucleatum
1172189	mitochondrion	2472	222	1472	280	765	100	316	157	839	331	88	13	126	69	315	44	413	69	153	42	262	67	59	44	195	101	375	47	181	41	134	26	1017	155	629	284	488	107	240	81	1217	488	1704	148	267	91	260	47	514	78	232	60	321	83	112	43	509	194	560	129	275	31	182	89	1	20453	Oxytricha trifallax
304694	mitochondrion	1036	485	371	258	430	188	51	52	134	424	0	0	16	51	119	186	326	393	180	144	68	232	131	1	22	60	22	153	8	21	70	2	261	318	91	107	215	271	192	116	92	546	156	625	61	235	151	265	242	180	166	72	244	166	146	32	203	206	33	237	148	177	78	65	1	11731	Paramecium dodecaurelia
122939	mitochondrion	50	3	33	11	19	0	7	0	14	7	0	0	4	1	11	0	10	1	4	0	8	1	13	1	6	1	5	4	3	0	4	0	29	0	12	6	18	0	20	2	29	5	25	2	9	1	18	3	18	1	8	3	8	2	20	0	12	1	8	1	18	0	2	1	1	503	Paramecium woodruffi
122938	mitochondrion	403	21	364	3	61	3	133	0	151	24	0	0	14	3	88	0	18	0	44	0	49	6	45	4	31	8	47	8	0	0	0	0	188	0	103	39	160	5	130	3	259	31	236	17	83	3	195	0	132	0	74	0	113	6	85	0	78	17	48	0	107	1	45	1	1	3687	Paramecium putrinum
109353	mitochondrion	852	73	532	241	292	3	150	35	162	144	0	0	71	59	201	34	176	1	89	2	194	30	132	0	80	24	123	54	33	0	5	0	250	36	277	60	317	57	287	90	314	38	407	36	114	64	321	40	288	5	49	35	217	5	169	114	227	57	90	32	249	87	18	27	1	8169	Paramecium nephridiatum
109354	mitochondrion	342	25	286	40	146	7	61	0	115	10	0	0	28	0	72	0	34	0	11	3	55	1	72	3	16	3	34	11	0	0	0	0	132	1	141	29	159	11	87	0	191	41	181	4	42	7	156	0	64	0	63	7	75	1	48	10	79	8	43	2	87	7	27	0	1	3078	Paramecium polycaryum
224956	mitochondrion	222	126	54	56	87	39	13	16	61	74	0	0	12	15	31	60	113	100	50	15	34	26	6	1	7	36	10	35	9	7	11	1	69	77	32	38	50	53	64	20	47	83	32	118	24	39	21	75	84	40	32	14	61	26	39	7	64	57	20	77	23	23	43	20	1	2799	Paramecium quadecaurelia
65126	mitochondrion	1501	913	520	489	593	351	106	40	396	491	0	0	30	140	330	191	446	648	383	79	197	281	83	0	49	152	55	277	68	50	61	23	451	573	127	176	359	347	144	202	438	585	220	890	170	295	422	349	285	375	269	208	522	417	86	57	252	318	50	449	179	196	253	56	1	18663	Paramecium biaurelia
44031	mitochondrion	560	407	182	192	192	161	46	19	83	286	0	0	6	69	106	118	144	283	129	48	40	103	54	0	14	51	38	100	9	46	13	12	157	241	43	75	103	176	107	51	82	326	41	410	78	102	48	284	134	110	98	90	200	103	64	12	111	132	25	149	65	31	125	37	1	7321	Paramecium triaurelia
43138	mitochondrion	830	606	158	199	326	174	26	26	163	386	0	0	41	57	105	219	250	540	217	140	44	151	26	1	57	133	32	130	19	44	6	5	218	323	100	130	151	234	133	122	122	359	130	417	72	195	78	296	240	198	132	78	228	194	122	11	182	315	98	296	100	173	86	77	1	10721	Paramecium pentaurelia
65128	mitochondrion	582	286	175	168	239	141	71	33	118	214	0	0	11	45	117	107	245	274	134	32	87	123	6	0	21	61	40	65	4	1	1	0	140	273	69	62	144	172	132	72	154	200	114	297	51	122	120	192	134	77	167	48	103	90	155	1	120	170	61	152	113	86	55	35	1	7282	Paramecium sexaurelia
43139	mitochondrion	413	234	117	112	148	104	9	28	95	151	0	0	8	46	83	65	107	166	105	56	19	79	53	2	12	30	32	65	15	30	29	6	97	117	68	44	104	79	75	61	103	166	104	215	45	81	55	147	129	65	55	37	108	81	57	11	67	80	24	91	48	37	54	41	1	4965	Paramecium septaurelia
43137	mitochondrion	548	290	159	149	190	130	11	41	116	194	0	0	15	48	94	72	157	195	129	71	31	112	67	0	10	38	47	69	14	39	37	7	125	123	95	48	116	96	99	90	140	205	153	262	64	98	75	168	169	81	64	51	145	88	76	14	70	113	27	111	53	61	70	64	1	6294	Paramecium octaurelia
304693	mitochondrion	226	158	64	70	91	59	11	18	48	101	0	0	7	25	30	56	70	123	56	31	23	52	14	0	7	15	17	44	7	18	10	4	53	94	30	26	52	58	44	29	54	113	46	154	17	55	38	96	68	52	30	27	73	46	25	14	33	53	14	53	34	30	24	17	1	3007	Paramecium decaurelia
326280	mitochondrion	92	77	18	37	43	23	7	5	15	49	0	0	3	12	15	38	45	42	27	13	6	26	3	0	6	13	4	20	7	0	3	0	16	65	15	16	17	45	21	10	24	42	8	65	5	26	8	42	27	26	22	9	23	15	17	8	23	31	4	41	14	18	13	6	1	1371	Paramecium undecaurelia
65129	mitochondrion	68	68	15	35	28	21	5	6	16	35	0	0	9	4	26	20	41	34	12	9	10	12	4	0	4	14	4	14	4	0	0	0	25	47	14	12	24	28	12	10	10	37	8	46	6	20	12	32	22	19	12	9	30	8	10	2	10	39	4	32	14	16	12	2	1	1102	Paramecium sonneborni
109352	mitochondrion	923	16	654	28	313	5	93	2	314	18	1	0	31	0	207	0	135	0	82	0	177	0	146	11	119	27	100	54	33	0	140	3	495	8	120	91	291	22	335	2	605	36	360	3	228	2	351	0	281	13	94	35	221	4	207	7	269	0	113	5	289	22	45	0	1	8186	Paramecium duboscqui
1230124	mitochondrion	338	33	241	35	99	14	24	4	109	24	0	0	12	0	84	0	60	0	24	0	72	0	48	12	36	24	36	24	24	0	24	0	204	0	36	24	130	1	108	12	179	48	132	12	109	12	155	0	132	1	35	0	86	13	72	14	107	1	35	13	129	0	15	0	1	3216	Paramecium sp. WS-2012
1217406	mitochondrion	46	9	52	0	7	3	24	3	28	9	0	0	6	0	18	0	0	0	0	0	11	0	15	0	6	0	18	0	0	0	0	0	24	0	20	19	9	0	37	0	18	0	49	3	12	0	30	5	15	3	14	1	10	3	12	0	16	3	12	0	22	0	3	0	1	595	Tetrahymena sp. FN-2012
5911	mitochondrion	6075	703	6137	57	1943	28	1327	26	4096	1175	45	1	502	15	1366	7	438	29	873	9	1478	4	1192	261	978	533	1641	43	356	4	166	1	3461	562	1647	1698	2017	103	1383	4	2620	497	5457	339	1369	35	2453	16	2631	119	1498	425	2482	226	597	13	1822	413	1137	233	3088	22	516	26	1	70418	Tetrahymena thermophila
219701	mitochondrion	1030	529	374	284	462	193	80	57	131	450	0	0	17	73	120	202	295	353	172	138	80	230	147	1	26	61	30	162	6	24	54	4	275	311	104	118	234	289	192	113	129	580	167	670	66	250	180	316	305	219	160	99	276	185	154	42	212	193	31	201	212	177	107	36	1	12388	Paramecium novaurelia
5887	mitochondrion	92	0	105	1	42	0	22	0	33	4	0	0	4	0	21	0	11	0	1	0	9	3	19	0	5	0	12	0	0	0	0	0	31	0	25	4	44	0	27	0	43	2	49	6	13	3	45	0	38	0	12	0	18	0	21	0	21	0	13	2	30	0	5	0	1	836	Paramecium sp.
1201934	mitochondrion	126	12	90	11	33	5	32	2	34	4	0	0	22	0	29	1	39	0	11	3	15	2	24	5	13	4	26	4	5	0	2	0	43	9	57	24	52	0	48	5	35	16	78	2	24	1	54	10	35	0	26	0	21	0	45	1	46	2	18	1	33	0	17	0	1	1257	Paramecium chlorelligerum
1507701	mitochondrion	24	4	26	1	6	0	9	0	19	5	0	0	1	1	6	0	1	0	3	0	8	0	1	3	6	0	7	0	1	0	0	0	21	1	5	6	10	1	9	0	9	1	24	1	6	0	14	0	6	0	11	0	8	0	6	1	9	1	5	0	11	2	2	0	1	302	Tetrahymena sp. 21547-1
2779647	mitochondrion	1805	227	2065	0	412	0	691	1	1447	177	1	0	140	1	440	0	55	0	45	0	554	64	165	149	399	39	522	1	141	0	0	0	1080	137	288	534	287	133	615	0	610	127	1692	70	318	83	799	3	456	147	803	0	605	0	417	52	695	20	318	59	931	1	147	10	1	20978	Tetrahymena gruchyi
1507700	mitochondrion	23	4	25	1	6	0	8	0	19	4	0	0	1	1	6	0	1	0	2	0	8	0	2	2	6	0	7	0	1	0	0	0	21	1	3	6	8	1	8	0	10	1	24	1	6	0	12	0	6	0	12	0	8	0	6	1	9	1	5	0	11	2	2	0	1	292	Tetrahymena sp. 21521-1
1507699	mitochondrion	24	4	25	1	7	0	9	0	18	5	0	0	1	1	6	0	1	0	2	0	7	0	2	2	6	0	7	0	1	0	0	0	21	1	3	6	8	2	8	0	10	1	25	2	7	0	12	0	6	1	13	0	8	0	6	1	9	1	5	0	11	2	2	0	1	300	Tetrahymena sp. 21518-2
2814649	mitochondrion	183	10	182	7	43	6	52	6	116	45	0	0	8	7	46	0	0	0	14	0	35	5	40	8	6	33	52	0	0	0	0	0	68	0	60	43	65	2	36	0	64	0	177	2	32	9	90	0	78	17	59	7	79	2	20	0	69	2	38	0	84	5	7	5	1	2024	Tetrahymena williamsi
2081900	mitochondrion	684	74	764	0	164	22	220	9	422	161	1	0	35	21	194	8	30	0	46	0	240	1	116	1	166	0	98	77	86	0	62	1	412	28	123	183	283	19	137	0	312	1	465	124	135	20	225	33	329	45	129	31	206	58	145	75	271	0	123	29	331	0	81	13	1	8069	Tetrahymena glochidiophila
2814636	mitochondrion	98	8	101	4	25	0	28	0	69	15	1	0	7	0	20	0	0	0	2	0	27	0	18	0	20	3	24	3	0	0	0	0	43	7	57	22	22	0	41	0	42	0	94	0	21	4	49	0	17	5	34	0	30	0	22	3	35	0	18	0	40	1	16	0	1	1096	Tetrahymena eriensis
1507698	mitochondrion	28	1	28	0	10	0	6	0	20	3	0	0	2	0	6	0	1	0	2	0	7	0	5	1	6	0	7	1	0	0	0	0	14	1	7	9	10	0	10	1	10	2	26	2	6	1	13	1	8	1	13	1	9	1	6	0	8	2	6	0	12	1	2	0	1	317	Tetrahymena sp. 21501-3
1507697	mitochondrion	27	1	25	0	10	0	5	0	18	5	0	0	2	0	6	0	1	0	2	0	9	0	4	0	6	0	7	1	0	0	0	0	14	1	7	8	7	0	10	1	9	3	27	1	6	1	11	1	13	1	8	0	8	1	5	1	9	0	6	0	12	1	2	0	1	303	Tetrahymena sp. 21493-1
1507696	mitochondrion	24	4	25	1	6	0	9	0	18	5	0	0	1	1	6	0	1	0	2	0	8	0	2	2	6	0	7	0	1	0	0	0	20	1	4	6	9	0	7	0	10	1	24	2	7	0	12	0	6	1	12	0	8	0	6	1	9	1	5	0	11	2	2	0	1	296	Tetrahymena sp. 21415-2
1507695	mitochondrion	28	1	28	0	10	0	6	0	20	3	0	0	2	0	6	0	1	0	2	0	8	0	4	1	6	0	7	1	0	0	0	0	15	1	7	9	9	0	11	1	10	2	27	1	6	1	13	1	13	1	7	1	9	1	6	0	8	2	5	0	12	1	2	0	1	316	Tetrahymena sp. 21409-3
1507694	mitochondrion	23	4	25	1	6	0	10	0	18	5	0	0	1	1	6	0	1	0	2	0	8	0	2	2	6	0	7	0	1	0	0	0	21	1	3	6	8	1	8	0	10	1	24	2	6	0	12	0	6	1	13	0	8	0	6	1	9	1	5	0	11	2	2	0	1	297	Tetrahymena sp. 21346-5
1507693	mitochondrion	27	1	25	0	10	0	5	0	20	3	0	0	2	0	6	0	1	0	2	0	8	0	4	0	6	0	7	0	0	0	0	0	13	1	6	8	5	0	9	1	10	1	25	2	5	1	11	1	13	1	7	1	9	1	5	0	8	2	5	0	11	1	3	0	1	293	Tetrahymena sp. 21333-1
2814639	mitochondrion	959	119	941	0	156	0	455	0	776	34	1	0	78	0	235	0	0	0	38	66	161	0	315	0	213	0	275	5	0	0	0	0	513	77	348	233	193	40	319	0	338	34	950	0	184	39	454	0	339	19	312	0	412	37	79	38	326	40	200	0	530	0	3	40	1	10924	Tetrahymena kentuckyensis
1507692	mitochondrion	24	4	26	1	5	0	10	0	16	7	0	0	1	1	6	0	1	0	1	0	8	0	3	1	6	0	7	0	1	0	0	0	19	1	3	6	9	0	6	0	10	1	24	2	6	0	12	0	6	1	13	0	9	0	6	0	8	2	5	0	11	2	2	0	1	293	Tetrahymena sp. 21327-1
1507691	mitochondrion	24	4	26	1	5	0	10	0	17	6	0	0	1	1	6	0	1	0	1	0	8	0	3	1	6	0	7	0	1	0	0	0	19	1	3	6	9	0	6	0	10	1	24	2	6	0	12	0	6	1	13	0	9	0	6	0	9	1	5	0	11	2	2	0	1	293	Tetrahymena sp. 21326-1
1507690	mitochondrion	24	4	26	1	5	0	10	0	17	6	0	0	1	1	6	0	1	0	1	0	8	0	4	0	6	0	7	0	1	0	0	0	19	1	3	6	8	1	6	0	10	1	24	2	6	0	12	0	6	1	13	0	9	0	6	0	8	2	5	0	11	2	2	0	1	293	Tetrahymena sp. 21325-1
1507689	mitochondrion	25	3	28	0	7	0	8	0	21	2	0	0	2	0	6	0	0	0	0	0	4	1	7	0	6	0	7	0	0	0	0	0	11	1	8	8	7	0	8	0	10	1	26	0	5	1	12	1	10	2	10	0	6	1	8	0	10	0	5	0	13	0	2	0	1	293	Tetrahymena sp. 21241-1
1507688	mitochondrion	23	3	27	0	7	0	7	0	18	2	0	0	2	0	6	0	0	0	0	0	4	1	7	0	5	1	7	0	0	0	0	0	11	1	7	8	7	0	8	0	8	1	23	0	4	1	10	2	10	1	9	0	6	1	8	0	9	0	5	0	13	0	2	0	1	275	Tetrahymena sp. 21240-2
1507686	mitochondrion	24	4	26	1	5	0	10	0	17	6	0	0	2	0	6	0	1	0	1	0	7	0	3	2	5	1	7	0	1	0	0	0	19	1	3	6	8	1	6	0	10	1	24	2	6	0	12	0	6	1	13	0	9	0	6	0	9	1	5	0	12	1	2	0	1	293	Tetrahymena sp. 21238-2
1507685	mitochondrion	24	4	26	1	5	0	10	0	16	7	0	0	1	1	6	0	1	0	1	0	8	0	3	1	6	0	7	0	1	0	0	0	19	1	3	6	9	0	6	0	10	1	24	2	6	0	12	0	6	1	13	0	9	0	6	0	8	2	5	0	11	2	2	0	1	293	Tetrahymena sp. 21237-3
1507684	mitochondrion	24	4	26	1	5	0	10	0	17	6	0	0	1	1	6	0	1	0	1	0	8	0	2	2	6	0	7	0	1	0	0	0	19	1	3	6	9	0	6	0	10	1	24	2	6	0	12	0	6	1	13	0	9	0	6	0	9	1	5	0	11	2	2	0	1	293	Tetrahymena sp. 21237-2
1507683	mitochondrion	27	1	25	0	10	0	5	0	20	3	0	0	2	0	6	0	1	0	2	0	8	0	4	0	6	0	7	0	0	0	0	0	13	1	6	8	5	0	9	1	10	1	26	1	5	1	11	1	13	1	7	1	9	1	5	0	8	2	5	0	11	1	3	0	1	293	Tetrahymena sp. 21230-1
2814626	mitochondrion	358	26	361	9	111	0	80	16	240	58	1	0	28	0	78	0	5	0	38	1	64	25	62	33	71	17	98	0	20	0	0	0	216	16	86	105	102	42	74	0	108	34	255	56	68	17	148	17	145	14	64	45	190	17	8	9	122	1	41	28	179	8	44	0	1	4059	Tetrahymena alphathermophila
2814624	mitochondrion	53	6	48	0	11	2	20	0	42	4	0	0	3	1	12	0	2	0	6	0	14	0	10	0	10	2	14	1	0	0	0	0	28	0	15	12	12	0	19	0	18	4	53	0	13	0	24	2	22	4	20	0	16	4	6	4	20	0	11	0	23	0	7	0	1	598	Tetrahymena allegheniensis
1507682	mitochondrion	24	4	25	1	6	0	9	0	18	5	0	0	1	1	6	0	1	0	2	0	8	0	2	2	6	0	7	0	1	0	0	0	22	1	4	6	9	1	8	0	9	1	24	1	6	0	12	0	6	0	11	0	8	0	6	1	9	1	5	0	11	2	2	0	1	295	Tetrahymena sp. 21099-1
1507681	mitochondrion	27	1	25	0	8	1	6	0	20	3	0	0	2	0	6	0	1	0	2	0	8	0	4	0	6	0	7	0	0	0	0	0	15	1	7	8	7	0	10	1	8	2	25	1	5	1	11	1	13	0	6	1	9	1	5	0	8	2	5	0	12	1	2	0	1	295	Tetrahymena sp. 21089-1
1507680	mitochondrion	22	4	23	0	6	0	9	0	13	4	0	0	1	1	6	0	0	0	1	0	8	0	2	2	5	0	7	0	0	0	0	0	18	1	2	6	8	1	8	0	7	1	20	0	5	1	11	0	6	0	12	0	8	0	6	1	7	1	5	0	11	2	2	0	1	264	Tetrahymena sp. 21057-1
1507679	mitochondrion	24	3	26	0	6	2	5	1	17	6	0	0	2	0	6	0	0	0	2	0	5	1	6	0	4	2	6	1	0	0	0	0	13	0	9	8	9	0	8	0	7	3	23	3	4	2	12	0	8	1	10	1	7	1	7	0	7	2	5	0	13	0	2	0	1	290	Tetrahymena sp. 21031-1
1507678	mitochondrion	24	1	21	0	8	0	6	0	15	2	0	0	2	0	6	0	1	0	1	0	6	2	4	0	4	0	7	0	0	0	0	0	12	0	5	8	5	0	8	0	6	1	19	0	4	1	10	1	8	0	10	1	8	1	5	1	8	0	5	0	11	1	2	0	1	251	Tetrahymena sp. 20990-2
1507677	mitochondrion	23	4	23	0	5	0	10	0	13	4	0	0	1	1	6	0	0	0	1	0	8	0	3	1	3	1	7	0	0	0	0	0	17	1	2	6	8	1	7	0	7	1	19	0	6	0	10	0	6	0	12	0	9	0	6	0	7	1	5	0	11	2	2	0	1	260	Tetrahymena sp. 20984-5
2814644	mitochondrion	22	3	26	0	5	0	7	0	20	2	0	0	1	1	6	0	1	0	1	0	4	0	7	1	5	1	7	0	0	0	0	0	8	0	12	9	6	0	9	0	8	1	22	1	4	1	13	1	12	1	8	1	10	2	3	1	9	1	5	0	12	0	2	0	1	282	Tetrahymena poconoensis
1507676	mitochondrion	24	1	20	0	9	0	6	0	12	3	0	0	2	0	6	0	1	0	1	0	7	0	5	0	4	0	7	0	0	0	0	0	10	1	6	8	6	0	9	0	5	1	19	0	5	1	9	1	8	0	10	1	9	1	4	0	8	0	5	0	12	1	2	0	1	250	Tetrahymena sp. 20971-1
2814641	mitochondrion	208	24	216	0	41	0	87	1	159	25	0	0	16	0	48	0	0	0	8	0	34	14	48	0	48	0	56	0	0	0	0	0	91	8	98	48	52	0	69	0	82	3	205	8	41	8	88	8	80	21	48	0	65	7	46	1	80	0	40	0	103	0	16	0	1	2349	Tetrahymena mcdonaldae
1507675	mitochondrion	25	1	25	0	9	0	5	0	18	3	0	0	2	0	6	0	1	0	2	0	7	1	4	0	6	0	7	0	0	0	0	0	13	1	7	8	5	0	9	1	7	2	25	1	5	1	11	1	13	0	6	1	9	1	5	0	8	2	5	0	12	1	2	0	1	284	Tetrahymena sp. 20958-1
1507674	mitochondrion	22	3	21	0	9	0	5	0	13	4	0	0	2	0	6	0	1	0	2	0	5	0	6	1	3	1	7	0	1	0	1	0	10	2	4	7	9	0	4	0	6	1	18	1	5	0	8	0	12	0	6	2	10	1	2	0	6	2	4	1	12	0	2	0	1	248	Tetrahymena sp. 20934-3
2814634	mitochondrion	26	2	23	2	7	2	5	0	18	6	0	0	2	0	6	0	1	0	3	0	7	0	5	0	5	1	7	0	0	0	0	0	10	2	8	6	10	0	4	0	8	1	23	2	5	0	12	1	10	1	9	0	8	1	4	1	9	1	5	0	10	0	4	0	1	283	Tetrahymena eicheli
1507673	mitochondrion	20	4	22	0	6	0	8	0	14	3	0	0	1	1	6	0	0	0	2	0	8	0	2	2	5	0	7	0	0	0	0	0	16	1	3	6	7	1	5	0	6	1	20	0	6	0	11	0	5	0	11	0	8	0	5	1	7	1	5	0	11	2	1	0	1	251	Tetrahymena sp. 20764-1
2814623	mitochondrion	23	4	25	0	5	0	9	0	22	1	0	0	2	0	6	0	0	0	2	0	8	0	4	0	6	0	7	0	0	0	0	0	11	1	9	7	6	1	9	0	9	1	26	0	4	1	12	0	8	0	10	0	11	0	2	1	10	0	5	0	12	0	2	0	1	282	Tetrahymena aemilia
1507672	mitochondrion	23	1	20	0	9	0	5	0	15	2	0	0	2	0	6	0	1	0	2	0	8	0	4	0	5	0	7	0	0	0	0	0	12	1	4	8	4	0	9	0	6	1	20	0	4	1	10	1	11	0	6	1	8	1	5	0	7	1	4	1	11	1	2	0	1	250	Tetrahymena sp. 20755-5
1507671	mitochondrion	25	1	27	0	6	0	6	2	19	4	0	0	2	0	6	0	0	0	1	0	7	0	5	0	5	1	7	0	0	0	0	0	11	0	10	8	5	1	8	1	8	1	24	1	5	0	13	0	8	1	9	0	9	0	4	1	9	1	4	1	13	0	1	0	1	281	Tetrahymena sp. 20749-1
1507670	mitochondrion	20	4	23	0	6	0	8	0	13	4	0	0	1	1	6	0	0	0	1	0	7	0	3	2	4	0	7	0	0	0	0	0	16	1	2	6	7	1	5	0	6	1	18	1	5	0	10	0	5	0	12	0	8	0	5	1	7	1	5	0	11	2	1	0	1	247	Tetrahymena sp. 20736-1
2814627	mitochondrion	101	4	92	4	32	0	24	0	66	20	0	0	4	4	24	0	4	0	7	0	24	0	24	0	23	0	28	0	0	0	0	0	45	4	32	32	23	0	39	3	32	4	97	3	20	4	40	7	40	0	40	4	44	4	12	0	35	3	20	0	48	4	8	0	1	1132	Tetrahymena aquafluente
1507669	mitochondrion	27	2	25	0	9	0	6	0	18	5	0	0	2	0	6	0	1	0	2	0	7	0	4	1	6	0	7	0	0	0	0	0	13	1	7	8	8	0	9	1	8	3	25	1	5	1	12	0	9	0	12	0	7	3	4	1	9	1	5	0	12	1	2	0	1	296	Tetrahymena sp. 20660-2
1507667	mitochondrion	18	3	18	0	7	0	5	0	13	1	0	0	2	0	6	0	0	0	0	0	4	0	6	0	3	0	7	0	0	0	0	0	12	1	3	5	7	0	6	0	6	0	18	0	4	0	7	1	9	1	8	0	5	0	4	1	7	0	4	0	11	0	0	0	1	213	Tetrahymena sp. 20538-2
1507666	mitochondrion	22	3	20	0	5	0	8	0	11	4	0	0	1	1	6	0	0	0	1	0	8	0	3	1	4	0	7	0	0	0	0	0	13	1	2	5	7	1	4	0	5	1	19	0	4	0	10	0	6	0	12	0	8	0	5	0	8	1	5	0	9	1	2	0	1	234	Tetrahymena sp. 20489-1
1507665	mitochondrion	27	2	21	1	11	0	6	0	16	7	0	0	2	0	6	0	3	0	1	0	5	1	4	1	5	1	7	0	0	0	0	0	12	1	7	8	9	0	4	1	9	2	24	3	6	0	10	2	11	1	8	3	9	0	5	1	7	3	5	0	10	0	4	0	1	292	Tetrahymena sp. 20478-2
2814640	mitochondrion	137	12	97	6	56	6	29	0	84	12	0	0	12	0	36	0	12	0	17	0	42	0	30	0	25	0	36	6	0	0	0	0	80	1	37	41	48	0	35	0	39	1	115	0	29	6	62	0	48	0	60	0	47	8	18	11	36	12	30	0	88	0	0	0	1	1507	Tetrahymena kidderi
2814642	mitochondrion	289	29	229	0	106	0	70	13	168	51	1	0	14	12	78	0	23	0	26	12	51	22	80	0	56	0	77	13	0	0	0	0	43	24	139	99	51	0	140	0	70	22	237	17	47	25	121	13	113	27	112	12	134	0	48	0	92	12	64	0	185	0	0	0	1	3267	Tetrahymena newhampshirensis
1507664	mitochondrion	22	4	21	0	5	0	10	0	13	4	0	0	1	1	6	0	0	0	2	0	8	0	3	1	4	0	7	0	0	0	0	0	18	1	2	6	7	1	7	0	6	1	19	0	6	0	10	0	6	0	12	0	8	0	6	1	7	1	5	0	12	1	2	0	1	257	Tetrahymena sp. 20474-1
1507663	mitochondrion	26	2	21	1	11	0	6	0	16	7	0	0	2	0	6	0	3	0	1	0	5	1	4	1	5	1	7	0	0	0	0	0	12	1	7	8	9	0	4	1	9	2	24	3	5	0	10	2	12	1	8	3	9	0	4	1	6	4	5	0	10	0	4	0	1	290	Tetrahymena sp. 20471-1
2814628	mitochondrion	42	6	40	0	18	0	9	0	27	7	0	0	4	0	12	0	2	0	3	0	11	1	10	0	4	5	12	2	3	0	2	0	23	5	9	12	16	0	13	0	12	2	39	2	10	0	16	0	24	2	9	1	15	5	5	0	13	3	7	2	24	0	2	0	1	491	Tetrahymena betathermophila
1507661	mitochondrion	23	2	21	0	8	0	6	0	14	3	0	0	2	0	6	0	1	0	1	0	7	0	5	0	5	0	7	0	0	0	0	0	12	0	6	8	6	0	9	0	6	1	20	0	5	1	10	1	8	0	10	1	9	1	4	1	8	0	5	0	12	1	2	0	1	258	Tetrahymena sp. 20423-2
2814633	mitochondrion	144	4	108	5	41	4	37	4	85	22	0	0	12	0	36	0	13	0	13	3	36	0	34	0	29	0	38	4	0	0	0	0	68	6	44	37	39	2	52	0	42	3	111	18	26	6	65	0	60	0	48	6	58	6	16	0	40	12	29	0	85	0	0	0	1	1551	Tetrahymena deweyae
2814648	mitochondrion	96	8	89	3	27	0	31	4	72	1	0	0	7	1	20	4	0	0	9	0	10	3	32	4	20	0	28	1	0	0	0	0	41	0	49	25	19	3	39	0	30	4	83	4	21	1	46	2	36	1	37	1	24	8	20	8	29	4	22	0	44	1	10	4	1	1086	Tetrahymena wellsae
1507660	mitochondrion	24	1	21	0	9	0	6	0	13	5	0	0	2	0	6	0	1	0	1	0	7	0	5	0	4	1	7	0	0	0	0	0	13	1	6	8	7	0	9	0	6	2	20	0	5	1	10	1	8	0	10	1	9	1	4	1	7	1	5	0	12	1	2	0	1	264	Tetrahymena sp. 20388-1
1507659	mitochondrion	24	1	21	0	9	0	6	0	15	3	0	0	2	0	6	0	1	0	1	0	7	1	4	0	5	0	7	0	0	0	0	0	13	1	6	8	6	0	9	0	6	2	20	0	5	1	10	1	8	0	10	1	10	1	4	1	8	0	5	0	12	1	2	0	1	264	Tetrahymena sp. 20386-3
1507658	mitochondrion	24	1	21	0	8	0	6	0	13	4	0	0	2	0	6	0	1	0	1	0	6	1	4	1	5	0	5	2	0	0	0	0	12	0	6	8	5	1	9	0	7	1	20	0	5	1	10	1	9	0	9	1	9	1	5	0	8	0	5	0	12	1	2	0	1	259	Tetrahymena sp. 20385-5
1507657	mitochondrion	24	1	21	0	9	0	5	0	16	2	0	0	2	0	6	0	1	0	1	0	8	0	4	0	5	0	7	0	0	0	0	0	13	1	4	8	5	0	9	0	6	2	20	0	4	1	10	1	13	1	6	1	8	1	5	0	7	1	4	1	11	1	2	0	1	258	Tetrahymena sp. 20385-1
1507656	mitochondrion	23	1	21	0	9	0	5	0	15	2	0	0	2	0	6	0	1	0	0	1	8	0	4	0	5	0	7	0	0	0	0	0	13	1	4	8	4	0	9	0	6	2	20	0	4	1	10	1	12	0	5	1	8	1	5	0	7	1	5	0	11	1	2	0	1	252	Tetrahymena sp. 20327-1
2814646	mitochondrion	125	5	124	0	45	2	25	0	78	17	0	0	10	0	30	0	0	0	0	0	35	0	23	2	19	5	35	0	0	0	0	0	60	3	29	39	25	0	45	2	39	3	111	0	18	11	54	0	49	2	49	0	43	9	19	0	39	5	26	0	56	5	10	0	1	1331	Tetrahymena rayi
2814645	mitochondrion	22	3	19	0	7	0	6	2	9	8	0	0	2	0	6	0	0	0	2	2	5	0	6	1	4	0	7	0	0	0	1	0	8	0	15	7	10	0	5	0	6	0	19	1	6	0	9	1	5	1	9	1	5	0	7	3	8	1	4	1	8	0	7	0	1	259	Tetrahymena prescotti
2814637	mitochondrion	21	4	20	1	8	0	7	0	12	5	0	0	2	0	6	0	1	0	2	0	7	0	5	0	2	2	6	1	0	0	0	0	11	1	9	6	8	0	6	0	6	0	18	1	4	2	10	0	7	0	9	0	7	2	3	2	6	2	4	1	15	1	0	0	1	253	Tetrahymena frigidoflumine
1507654	mitochondrion	25	1	25	0	9	0	5	0	17	3	0	0	2	0	6	0	1	0	1	0	8	0	4	0	6	0	7	0	0	0	0	0	13	1	6	8	5	0	9	1	6	3	24	1	4	1	11	1	13	0	6	1	8	1	5	0	8	1	5	0	11	1	2	0	1	276	Tetrahymena sp. 20103-1
1507653	mitochondrion	25	1	25	0	8	0	6	0	16	4	0	0	2	0	6	0	1	0	1	0	6	2	4	0	6	0	7	0	0	0	0	0	13	0	6	8	6	0	8	1	7	2	24	1	4	1	11	1	8	0	12	1	8	1	4	1	8	1	5	0	11	1	2	0	1	276	Tetrahymena sp. 20096-2
1507652	mitochondrion	24	1	21	0	8	0	6	0	14	3	0	0	2	0	6	0	1	0	1	0	6	2	4	0	4	0	7	0	0	0	0	0	10	0	5	8	5	0	8	0	6	1	19	0	4	1	9	1	9	0	9	2	8	1	4	0	8	0	5	0	11	1	2	0	1	247	Tetrahymena sp. 20078-1
1507651	mitochondrion	24	1	25	0	9	0	5	0	16	4	0	0	2	0	6	0	1	0	1	0	8	0	4	0	6	0	7	0	0	0	0	0	13	1	6	8	5	0	9	1	7	2	24	1	4	1	11	1	12	0	6	1	8	1	5	0	8	1	5	0	11	1	2	0	1	274	Tetrahymena sp. 20069-2
2814630	mitochondrion	76	6	64	3	25	0	15	6	51	18	0	0	7	0	18	0	9	0	6	0	15	9	9	3	15	3	18	4	0	0	0	0	18	6	40	24	18	0	32	0	25	6	67	9	16	3	35	6	33	11	23	0	27	3	11	3	27	3	12	4	44	0	0	0	1	886	Tetrahymena colerunensis
427416	mitochondrion	23	1	20	0	6	1	5	1	18	0	0	0	2	0	6	0	0	0	1	0	5	0	7	0	4	1	7	0	0	0	0	0	8	0	8	8	6	0	8	0	7	1	19	1	5	0	11	0	8	1	8	0	6	2	6	0	7	0	5	0	13	0	1	0	1	247	Tetrahymena sp. NI
2704173	mitochondrion	62	2	49	2	19	0	10	2	35	6	0	0	4	0	13	0	2	0	4	1	2	0	16	6	8	4	10	5	2	0	0	0	19	4	29	11	19	0	19	0	19	4	48	6	11	0	22	2	19	3	17	2	15	6	6	4	19	2	10	1	22	0	4	4	1	611	Tetrahymena scolopax
1507650	mitochondrion	20	4	22	0	5	0	7	0	14	4	0	0	2	0	6	0	0	0	0	0	8	0	2	2	5	0	6	0	0	0	0	0	15	1	3	6	9	0	5	0	7	1	20	0	5	0	11	0	4	0	11	0	10	0	5	0	7	0	5	0	9	2	1	0	1	244	Tetrahymena sp. 19894-3
1507649	mitochondrion	23	3	23	0	10	0	5	0	13	4	0	0	2	0	6	0	1	0	3	0	6	0	6	1	4	1	7	0	1	0	1	0	15	2	4	8	13	0	5	0	7	2	19	1	6	0	11	0	12	0	6	2	12	1	3	0	6	2	4	1	13	0	2	0	1	277	Tetrahymena sp. 19880-1
1507648	mitochondrion	23	3	22	0	11	0	5	0	14	4	0	0	2	0	6	0	1	0	3	0	5	0	6	1	4	1	7	0	1	0	1	0	15	2	4	7	13	0	6	0	7	2	19	1	6	0	11	0	12	0	6	2	11	1	3	0	6	2	4	1	13	0	2	0	1	276	Tetrahymena sp. 19878-2
1507647	mitochondrion	23	3	23	0	10	0	5	0	14	4	0	0	2	0	6	0	1	0	3	0	5	0	6	1	4	1	7	0	1	0	1	0	15	2	4	7	13	0	6	0	7	2	19	1	6	0	11	0	12	0	6	2	12	1	3	0	6	2	4	1	13	0	2	0	1	277	Tetrahymena sp. 19876-1
1507645	mitochondrion	26	1	25	0	9	0	5	0	19	4	0	0	2	0	6	0	1	0	2	0	7	0	5	0	6	0	7	0	0	0	0	0	13	1	7	8	6	0	9	1	10	1	25	1	5	1	11	1	13	0	7	0	8	1	5	1	9	1	5	0	12	1	2	0	1	290	Tetrahymena sp. 19852-1
2814631	mitochondrion	50	4	50	1	8	0	14	1	41	4	0	0	3	1	12	0	4	0	3	0	10	1	12	1	9	3	13	1	0	0	2	0	20	2	22	14	9	1	23	0	22	2	42	3	11	1	23	3	23	2	17	2	17	1	13	2	19	0	9	2	22	1	5	2	1	583	Tetrahymena conneri
1507644	mitochondrion	24	3	25	0	7	0	8	0	16	1	0	0	2	0	5	1	0	0	0	0	4	1	7	1	5	0	7	0	0	0	0	0	12	1	7	8	7	0	10	0	8	1	20	0	5	1	10	1	10	1	8	0	7	1	6	1	8	0	5	0	13	1	1	0	1	270	Tetrahymena sp. 19827-3
2814638	mitochondrion	52	4	51	0	12	0	18	0	41	5	0	0	4	0	13	0	2	0	2	0	10	0	12	2	12	0	14	0	0	0	0	0	24	3	28	12	20	4	7	0	14	6	50	2	8	4	22	2	20	0	10	0	28	0	2	0	18	0	12	0	28	0	2	0	1	580	Tetrahymena holzi
1507723	mitochondrion	23	4	23	1	8	0	5	1	19	4	0	0	2	0	6	0	0	0	4	0	7	0	5	0	5	1	7	0	0	0	0	0	14	0	8	8	8	0	7	0	7	4	23	3	3	2	12	0	7	1	9	2	7	1	6	1	7	2	5	0	13	0	2	0	1	287	Tetrahymena sp. orphan
2814650	mitochondrion	25	3	27	0	6	0	9	0	22	1	0	0	2	0	6	0	1	0	0	0	8	0	4	0	4	2	7	0	0	0	0	0	14	2	12	6	9	2	3	0	8	2	25	1	6	0	12	0	9	0	4	1	10	2	3	0	9	0	6	0	14	0	1	0	1	288	Tetrahymena zeutheni
1507643	mitochondrion	24	2	25	0	8	0	6	0	15	5	0	0	1	0	6	1	1	0	1	0	7	0	4	1	6	0	7	0	0	0	0	0	13	0	7	8	6	0	8	1	6	3	24	1	5	1	12	0	9	0	11	0	7	3	4	1	9	0	5	0	12	1	2	0	1	279	Tetrahymena sp. 19794-1
427418	mitochondrion	82	5	82	1	21	0	22	2	53	11	0	0	4	0	19	1	0	0	5	0	18	2	14	2	24	6	18	0	0	0	0	0	41	3	26	40	24	0	33	0	24	5	51	4	16	1	40	0	35	6	24	1	33	1	12	1	22	5	11	1	44	0	9	0	1	905	Tetrahymena sp. SSU
1507641	mitochondrion	26	0	25	0	8	0	6	0	17	4	0	0	1	1	6	0	1	0	2	0	6	1	5	0	6	0	5	2	0	0	0	0	13	0	7	8	5	1	8	1	7	2	25	1	5	1	11	1	9	0	11	1	8	2	4	1	9	1	5	0	12	1	2	0	1	284	Tetrahymena sp. 19677-5
1507640	mitochondrion	17	0	17	0	2	0	2	2	12	4	0	0	1	0	2	0	0	0	2	0	3	1	4	0	4	1	3	1	0	0	0	0	9	0	4	5	3	0	3	0	6	3	12	3	3	1	7	0	5	2	5	0	2	1	6	0	3	1	3	0	9	0	2	0	1	176	Tetrahymena sp. 19643-1
1507639	mitochondrion	27	1	26	0	10	0	6	0	20	3	0	0	2	0	6	0	1	0	1	0	8	0	3	0	6	0	7	1	0	0	0	0	14	1	7	8	7	0	10	1	9	2	27	1	6	1	11	1	13	1	7	1	9	1	5	0	8	2	5	0	12	1	2	0	1	301	Tetrahymena sp. 19636-1
1507638	mitochondrion	27	1	27	0	10	0	6	0	20	3	0	0	2	0	6	0	1	0	1	0	8	0	4	0	6	0	7	1	0	0	0	0	14	1	7	8	7	0	10	1	9	2	27	1	6	1	11	1	13	1	7	1	9	1	5	0	8	2	5	0	12	1	2	0	1	303	Tetrahymena sp. 19635-1
2814629	mitochondrion	25	4	25	1	4	3	8	1	19	4	0	0	2	0	6	0	1	0	4	1	3	0	7	2	3	3	7	0	0	0	0	0	9	1	13	8	7	0	13	0	8	3	22	4	5	2	12	3	8	4	8	1	9	2	5	0	10	0	4	1	15	0	1	0	1	311	Tetrahymena cleffmanni
1507636	mitochondrion	27	1	25	0	10	0	5	0	20	3	0	0	2	0	6	0	1	0	2	0	8	0	4	0	6	0	7	1	0	0	0	0	13	1	7	8	7	0	10	1	9	2	27	1	6	1	11	1	13	1	7	1	9	1	5	0	9	1	5	0	12	1	2	0	1	300	Tetrahymena sp. 19511-2
745967	mitochondrion	56	0	52	0	17	0	13	0	34	6	0	0	4	0	13	0	2	0	2	0	15	1	10	0	12	0	16	0	0	0	0	0	27	1	14	19	16	1	20	1	15	3	43	2	10	1	26	2	19	1	22	3	19	3	8	1	17	2	10	0	25	1	4	0	1	589	Tetrahymena sp. DLTH176-08
745964	mitochondrion	46	8	53	1	11	0	18	1	32	7	0	0	2	2	13	0	1	0	1	0	14	0	10	1	11	0	15	0	1	0	0	0	36	1	12	16	21	1	14	0	15	1	41	2	9	1	28	0	15	1	21	0	23	1	7	0	19	1	10	0	26	2	3	0	1	575	Tetrahymena sp. DLTH168-08
1507635	mitochondrion	24	4	26	1	5	0	10	0	17	6	0	0	1	1	6	0	1	0	1	0	8	0	3	1	5	1	7	0	1	0	0	0	20	1	3	6	8	1	7	0	10	1	24	2	7	0	12	0	6	1	13	0	8	0	6	1	9	1	5	0	12	1	2	0	1	296	Tetrahymena sp. 19216-1
1507634	mitochondrion	26	1	26	0	9	0	5	0	17	3	0	0	2	0	6	0	1	0	1	0	8	0	4	0	6	0	7	0	0	0	0	0	13	1	7	8	5	0	9	1	6	3	25	1	5	1	11	1	13	0	6	1	9	1	5	0	9	1	5	0	12	1	2	0	1	284	Tetrahymena sp. 19207-1
745952	mitochondrion	109	18	122	10	20	0	43	0	72	26	0	0	4	4	27	0	4	0	7	0	35	0	16	6	26	4	31	0	4	0	0	0	92	4	18	39	47	4	43	0	37	4	96	5	25	0	69	0	27	4	52	3	44	2	30	2	39	4	23	0	52	6	15	0	1	1374	Tetrahymena sp. BOLD:AAO5062
1507633	mitochondrion	24	4	25	2	5	0	10	0	17	6	0	0	1	1	6	0	1	0	1	0	8	0	3	1	6	0	7	0	1	0	0	0	20	1	3	6	8	1	7	0	10	1	24	2	7	0	12	0	6	1	13	0	8	0	6	1	9	1	5	0	12	1	2	0	1	296	Tetrahymena sp. 19185-1
1507632	mitochondrion	24	3	24	0	9	0	6	0	17	6	0	0	2	0	6	0	2	0	3	0	6	0	5	1	4	2	7	0	2	0	1	0	14	3	4	7	10	0	7	0	10	1	24	1	6	0	10	0	12	1	7	2	11	1	3	0	8	2	4	1	13	0	2	0	1	294	Tetrahymena sp. 19081-5
745928	mitochondrion	46	8	52	0	21	0	9	0	28	9	0	0	4	0	13	0	1	0	4	0	14	0	11	1	7	4	15	0	4	0	2	0	28	5	10	17	21	2	15	0	15	1	40	2	10	0	23	0	26	0	11	4	23	2	6	0	15	4	9	1	27	0	4	0	1	574	Tetrahymena sp. DLTH182-08
2814635	mitochondrion	46	10	46	4	12	0	20	0	38	8	0	0	4	0	12	0	4	0	4	0	12	0	12	0	6	6	14	2	0	0	0	0	15	2	26	12	13	0	18	0	18	2	52	2	12	2	24	2	16	8	22	0	26	2	2	0	18	2	12	0	26	2	4	0	1	600	Tetrahymena engbergi
1507630	mitochondrion	24	3	26	0	6	2	5	2	18	5	0	0	2	0	6	0	0	0	2	0	5	1	6	0	4	2	6	1	0	0	0	0	12	0	8	8	8	0	7	0	9	3	24	3	3	2	12	0	8	2	11	1	7	1	6	0	7	2	5	0	12	0	2	0	1	289	Tetrahymena sp. 1121-1
2814643	mitochondrion	25	2	26	0	9	1	5	0	16	6	0	0	2	0	6	1	2	0	2	0	5	1	6	0	3	3	5	1	2	1	2	0	16	1	5	6	10	1	7	0	11	1	17	5	3	3	8	1	12	1	5	1	7	1	8	1	9	2	3	2	12	0	3	0	1	294	Tetrahymena pennsylvaniensis
1633598	mitochondrion	33	0	27	2	5	1	7	0	14	0	0	0	1	0	5	1	2	0	3	0	6	0	4	2	4	0	5	0	1	0	0	0	13	2	6	4	10	1	9	0	16	0	12	2	6	0	16	0	14	0	10	0	12	0	1	1	7	1	3	1	13	0	1	0	1	284	Paramecium buetschlii
1633599	mitochondrion	34	0	29	2	9	0	5	0	12	1	0	0	0	1	6	0	1	0	2	0	5	1	5	2	5	0	5	0	1	0	1	0	11	1	9	4	7	1	10	0	13	4	16	1	6	2	11	0	17	0	5	0	8	1	7	0	9	0	1	0	8	0	4	1	1	284	Paramecium sp. GO1
1633600	mitochondrion	32	0	25	3	8	0	6	0	6	5	0	0	4	1	6	1	5	0	2	0	4	1	7	0	4	0	4	3	1	0	2	0	9	1	12	3	10	1	6	4	10	4	14	1	3	1	9	1	13	0	5	0	7	0	13	0	7	2	3	1	9	0	4	1	1	284	Paramecium sp. HB2
223161	mitochondrion	45	30	12	15	17	9	1	4	12	16	0	0	5	1	14	9	24	15	8	2	5	8	2	0	1	10	4	6	1	1	1	0	23	17	3	7	11	16	4	7	7	19	2	26	3	11	7	15	19	10	8	4	12	5	8	2	15	11	3	16	9	6	10	0	1	594	Paramecium schewiakoffi
5909	mitochondrion	3579	427	3641	256	1010	124	843	51	2308	676	130	3	265	61	778	36	239	27	616	48	480	57	429	34	581	293	723	55	118	17	27	1	1853	199	2774	1052	878	186	1085	13	2603	827	3538	113	619	182	1193	97	834	81	946	93	694	94	405	71	905	167	951	182	1087	55	318	104	1	42132	Tetrahymena rostrata
5963	mitochondrion	19	3	28	2	4	1	13	0	8	0	0	0	1	0	8	0	2	0	3	0	5	0	4	0	3	1	3	0	2	0	0	0	11	0	9	3	9	2	7	2	28	1	5	2	4	0	7	0	5	1	5	1	8	1	3	0	9	1	6	0	7	0	4	0	1	251	Stentor coeruleus
31278	mitochondrion	360	106	399	20	113	10	124	0	313	53	1	0	28	8	113	0	39	0	6	2	138	7	84	0	78	16	127	9	4	0	0	0	208	4	149	95	61	7	144	0	135	15	386	9	62	15	177	11	178	1	113	1	138	5	73	12	158	4	93	3	217	0	24	3	1	4659	Tetrahymena sp.
5891	mitochondrion	2798	340	3033	1	562	0	1214	0	1965	432	2	0	223	1	681	0	2	0	31	0	686	2	594	87	513	133	790	14	0	0	0	0	1201	193	1261	697	988	93	565	0	988	96	2796	6	430	218	1329	3	1040	89	825	92	1234	181	226	1	1070	1	569	2	1540	0	129	0	1	31967	Tetrahymena americanis
5892	mitochondrion	71	14	81	0	19	1	26	0	50	5	0	0	4	0	20	0	0	0	1	0	21	0	15	0	20	8	18	0	0	0	0	0	51	6	14	36	21	2	28	0	22	2	45	4	13	1	34	2	26	5	27	0	27	1	13	4	23	2	11	2	40	1	10	1	1	848	Tetrahymena australis
5893	mitochondrion	1306	53	1194	0	474	2	253	0	870	132	0	0	101	0	311	0	50	0	71	0	416	0	219	0	283	2	363	5	0	0	0	0	662	53	269	438	279	0	462	21	357	81	1112	22	221	55	548	48	639	11	316	48	439	52	248	4	399	56	261	0	603	53	111	1	1	13974	Tetrahymena borealis
5894	mitochondrion	455	19	423	2	144	0	79	2	262	63	0	0	26	1	100	0	12	1	37	0	135	4	73	0	128	5	109	3	0	1	0	0	243	15	102	182	143	1	140	13	115	34	307	18	75	16	207	11	131	7	196	21	165	20	62	10	135	13	61	7	229	14	37	2	1	4816	Tetrahymena canadensis
5897	mitochondrion	1161	204	1255	31	297	0	443	0	811	224	0	0	48	52	301	1	26	0	92	0	421	0	112	96	285	13	350	2	30	0	0	0	969	48	172	337	420	48	342	1	421	53	1092	46	305	6	595	1	300	19	614	0	437	2	298	40	408	49	247	0	599	96	95	1	1	14316	Tetrahymena elliotti
5923	mitochondrion	877	29	835	0	171	8	306	31	550	75	0	0	40	24	206	0	1	0	32	0	182	22	203	2	174	8	234	1	0	0	0	0	395	40	325	239	285	3	237	2	274	3	700	10	126	57	402	1	282	40	274	1	390	54	46	0	295	1	161	1	473	0	30	0	1	9158	Tetrahymena hegewischi
173440	mitochondrion	160	16	177	0	46	1	43	0	110	16	0	0	10	0	39	1	0	0	2	0	33	5	40	1	44	6	42	0	0	0	0	0	88	5	45	75	56	3	60	0	51	4	122	0	27	6	84	5	67	7	57	1	53	5	41	1	56	1	29	0	94	1	10	0	1	1846	Tetrahymena mobilis
2027308	mitochondrion	24	1	25	0	6	0	3	1	15	4	0	0	1	0	2	0	0	0	2	0	6	1	3	2	6	3	4	0	0	0	0	0	11	2	9	8	3	0	6	0	7	3	15	0	6	0	11	0	6	5	8	0	10	0	5	2	6	1	2	1	17	0	2	0	1	255	Tetrahymena sp. NISSU
5907	mitochondrion	1532	210	1884	18	451	10	490	9	1236	161	44	0	135	5	347	9	78	1	138	0	236	5	254	5	245	59	344	8	9	0	0	0	893	61	1190	387	300	25	504	0	1380	145	1602	25	299	40	593	30	453	19	398	10	364	19	227	6	496	21	404	64	619	5	88	13	1	18603	Tetrahymena pigmentosa
5908	mitochondrion	1800	245	1898	53	494	76	450	49	1211	302	53	0	137	17	422	8	130	11	275	11	300	23	241	21	267	120	383	31	11	0	0	0	851	105	1239	561	447	43	521	5	1256	342	1734	69	295	93	742	17	453	61	551	40	434	54	250	19	465	110	546	37	676	14	126	16	1	21211	Tetrahymena pyriformis
175566	mitochondrion	84	7	85	0	25	1	22	0	59	4	0	0	2	2	20	0	0	0	4	0	20	0	14	2	27	3	18	1	0	0	0	0	54	2	22	37	29	3	25	0	25	5	57	1	16	1	37	1	31	1	28	0	28	1	18	0	27	0	12	1	48	1	3	1	1	915	Tetrahymena shanghaiensis
5912	mitochondrion	816	83	763	7	173	12	245	15	500	88	0	0	54	1	208	0	2	1	69	1	208	18	170	11	166	60	211	6	0	0	0	0	398	14	251	355	262	10	288	1	242	13	583	7	139	17	410	14	333	33	282	11	259	13	196	5	262	16	145	3	450	1	53	5	1	8959	Tetrahymena tropicalis
5919	mitochondrion	661	58	525	29	269	0	146	0	386	172	0	0	49	0	150	0	76	0	32	0	133	28	101	27	137	23	177	1	0	0	0	0	309	28	170	223	228	5	100	19	218	40	550	58	142	0	259	41	273	18	209	70	234	1	116	24	169	68	129	1	276	0	116	0	1	7274	Tetrahymena vorax
5898	mitochondrion	56	3	56	2	13	0	15	2	38	3	0	0	2	0	14	0	0	0	2	0	15	0	8	1	21	3	11	0	0	0	0	0	31	1	16	32	16	2	22	0	16	3	28	0	10	0	27	0	25	3	15	1	24	0	7	1	15	2	7	0	31	0	6	1	1	607	Tetrahymena furgasoni
2027309	mitochondrion	23	3	26	0	8	0	6	0	20	2	0	0	2	0	6	0	1	0	0	0	5	0	7	0	5	1	7	0	0	0	0	0	9	3	9	7	5	0	11	0	9	0	26	0	3	2	11	1	10	0	8	0	10	0	4	0	10	0	4	1	13	0	1	0	1	279	Tetrahymena sp. SIN
2814625	mitochondrion	69	28	92	0	24	0	28	0	52	7	0	0	7	0	23	0	0	0	0	0	41	0	11	0	9	8	26	0	0	0	0	0	33	8	26	28	27	2	31	0	26	0	71	0	10	7	47	0	13	4	52	4	26	4	11	0	27	4	16	0	45	0	4	0	1	951	Tetrahymena alphapyriformis
2814647	mitochondrion	155	21	154	0	59	0	34	0	132	20	0	0	12	0	38	0	0	0	27	0	41	0	33	7	28	14	44	0	0	0	0	0	87	14	31	53	47	0	38	0	61	7	148	20	33	0	76	1	27	0	96	0	31	7	35	21	58	0	34	0	78	0	14	0	1	1836	Tetrahymena sallylouisa
2814632	mitochondrion	255	36	280	0	65	0	55	0	212	45	0	0	16	3	61	0	12	0	23	0	70	1	60	3	39	33	68	0	20	0	0	0	123	15	47	78	79	12	43	0	94	0	253	16	41	4	119	0	112	0	83	0	66	0	60	24	96	12	54	3	107	0	31	1	1	2930	Tetrahymena daisymae
1194679	mitochondrion	39	6	46	0	10	0	13	0	17	6	0	0	2	0	10	0	3	0	2	0	12	0	8	2	10	2	12	0	1	0	0	0	30	1	6	21	15	1	25	0	9	0	20	0	5	1	29	0	14	1	19	0	19	0	13	0	13	0	9	1	26	1	2	1	1	483	Tetrahymena farahensis
1885372	mitochondrion	28	1	33	3	8	0	6	2	16	6	0	0	2	0	5	1	2	0	1	0	10	0	4	0	6	1	4	2	2	1	1	0	13	2	14	9	11	1	9	0	10	0	22	3	6	0	14	1	11	0	6	0	13	1	3	2	8	2	5	0	12	2	2	0	1	327	Tetrahymena sp. GP2015
5889	mitochondrion	89	42	30	22	22	19	15	13	24	48	3	5	10	28	7	12	38	47	34	16	16	29	11	2	16	28	15	21	5	15	14	2	29	52	25	35	21	31	17	15	37	58	49	89	9	27	15	49	29	18	25	13	32	37	17	5	19	32	19	33	12	23	25	22	1	1617	Paramecium aurelia
2057190	mitochondrion	14	2	12	0	5	0	5	3	5	3	0	0	0	0	4	0	3	0	1	1	1	0	1	1	3	0	2	0	3	0	1	0	8	0	5	9	7	2	2	1	3	3	4	0	1	1	4	1	8	0	1	2	10	0	1	0	3	2	2	0	5	0	3	1	1	159	Rubrioxytricha sp.
5917	mitochondrion	97	22	107	1	30	5	22	3	54	19	0	0	6	0	28	0	0	0	6	0	29	2	23	0	27	8	25	2	0	0	0	0	49	6	38	55	40	2	40	0	25	8	63	4	13	6	56	2	34	2	46	3	44	3	17	1	30	5	18	0	59	0	10	1	1	1196	Tetrahymena setosa
2575829	mitochondrion	32	14	8	12	18	8	4	2	14	4	0	0	0	2	4	6	16	12	14	0	2	8	6	0	0	0	4	2	0	0	0	0	10	14	2	4	8	14	10	2	8	16	12	18	6	4	12	10	12	4	4	2	8	6	4	2	6	6	2	4	12	2	2	0	1	418	Paramecium primjenningsi
5902	mitochondrion	85	5	81	0	25	2	12	0	50	7	0	0	4	0	22	0	2	1	6	0	13	3	21	1	22	8	19	0	0	0	2	0	42	4	29	42	30	3	27	0	26	1	45	0	13	2	40	0	27	0	30	3	25	3	22	3	24	2	12	0	36	3	11	3	1	899	Tetrahymena mimbres
2704174	mitochondrion	135	20	160	0	35	5	30	5	85	20	0	0	10	0	30	0	5	0	0	0	35	5	20	0	25	10	20	20	10	0	5	0	55	0	100	25	50	0	50	0	55	5	115	10	30	10	55	10	40	5	45	0	45	5	20	10	35	15	20	5	65	0	10	0	1	1580	Tetrahymena acanthophora
2704175	mitochondrion	165	5	145	1	25	1	57	2	94	11	0	0	10	0	35	0	9	0	1	9	23	1	36	0	28	2	31	9	5	0	0	0	61	0	60	30	60	5	35	0	51	9	134	1	35	0	64	6	44	5	65	0	55	5	11	9	53	2	24	6	55	0	6	14	1	1610	Tetrahymena dugesiae
2704176	mitochondrion	26	0	28	0	5	0	6	0	16	3	0	0	2	0	7	0	1	0	2	0	6	1	3	0	5	0	4	1	2	0	3	0	18	0	3	7	13	0	6	1	13	0	18	3	5	0	8	1	11	1	5	1	7	0	6	1	10	0	3	0	12	0	2	0	1	276	Tetrahymena nigricans
2734619	mitochondrion	84	42	30	22	32	24	4	2	22	20	0	0	2	8	26	18	32	18	16	8	9	19	4	0	8	6	2	20	6	0	2	0	42	30	4	16	16	28	10	12	33	37	28	62	10	22	24	22	25	15	18	12	30	20	8	2	20	28	5	19	16	4	20	2	1	1126	Paramecium quindecaurelia
2709424	mitochondrion	682	20	471	58	152	3	58	3	258	61	16	1	54	15	82	0	71	1	37	3	57	8	41	4	90	19	88	21	33	1	23	0	272	18	163	105	151	8	87	8	246	49	334	29	111	24	108	2	156	4	81	19	114	2	101	15	133	23	140	32	165	12	33	3	1	5179	Paramecium gigas
2821798	mitochondrion	135	10	145	0	55	0	20	5	105	10	0	0	10	0	30	0	15	0	10	0	15	15	20	10	25	5	25	15	0	0	0	0	70	0	80	35	40	5	56	9	45	15	120	15	20	5	60	15	35	10	25	0	45	0	35	0	50	0	25	0	50	5	25	0	1	1575	Tetrahymena foissneri
2821799	mitochondrion	92	20	120	4	40	0	22	6	72	16	0	0	4	4	24	4	4	0	12	0	20	4	28	0	24	0	24	4	12	4	0	0	66	6	20	28	58	6	20	0	52	4	80	16	12	12	40	8	48	0	24	4	28	4	32	4	40	0	16	4	50	2	12	0	1	1260	Tetrahymena unionis
5899	mitochondrion	76	15	82	0	22	0	22	4	48	9	0	0	4	0	20	1	2	0	3	2	16	0	24	0	24	6	19	0	0	0	0	0	46	5	27	41	25	0	35	0	19	6	49	0	11	4	40	2	29	4	26	1	33	0	14	2	26	1	11	2	52	0	2	1	1	913	Tetrahymena hyperangularis
5901	mitochondrion	1226	87	1443	29	276	9	353	11	828	133	44	1	94	13	240	8	76	3	115	4	152	6	108	6	175	48	247	6	72	5	14	0	853	55	660	278	362	36	232	3	1063	120	1166	27	204	27	318	11	292	9	233	14	163	11	156	17	314	36	356	32	342	4	71	19	1	13316	Tetrahymena malaccensis
5905	mitochondrion	1246	56	1438	45	292	11	281	20	899	94	44	0	86	14	229	2	44	2	81	4	108	5	137	12	177	36	241	2	16	2	7	0	883	55	752	258	342	27	211	4	1187	102	1089	29	190	32	355	6	241	20	196	13	172	18	153	18	298	25	336	25	294	10	111	23	1	13106	Tetrahymena paravorax
5913	mitochondrion	55	6	58	0	16	0	15	0	37	3	0	0	2	0	13	1	0	0	1	0	5	0	19	0	20	4	11	0	0	0	0	0	37	0	16	31	23	0	16	0	17	1	30	0	10	0	26	0	18	2	20	0	19	0	13	0	17	0	7	0	32	1	5	0	1	607	Tetrahymena asiatica
171240	mitochondrion	54	7	54	1	14	0	17	0	32	7	0	0	2	0	14	0	1	0	4	0	15	0	9	0	16	8	10	1	1	0	0	0	24	5	26	27	22	2	16	0	13	7	26	2	8	2	24	2	20	0	19	1	26	1	5	0	17	0	5	1	38	0	1	0	1	607	Tetrahymena bergeri
5895	mitochondrion	57	4	58	0	16	0	15	0	38	2	0	0	2	0	14	0	0	0	1	0	10	0	13	1	19	5	11	0	0	0	0	0	35	2	16	31	23	1	15	0	16	2	30	0	10	0	25	1	19	1	20	0	17	1	13	1	16	1	6	1	34	0	4	0	1	607	Tetrahymena capricornis
5896	mitochondrion	58	3	42	5	14	2	11	3	28	12	0	0	1	1	13	1	3	0	10	0	9	1	12	2	16	8	8	3	0	0	0	0	15	0	39	28	17	2	19	2	13	6	25	3	7	3	23	5	20	5	13	2	19	2	11	1	15	1	6	1	28	2	6	2	1	607	Tetrahymena caudata
5914	mitochondrion	58	4	57	0	20	0	11	0	34	5	0	0	2	0	14	0	0	0	3	0	15	1	9	0	22	1	11	0	3	0	0	0	30	0	20	27	28	1	11	0	18	1	27	1	9	2	23	1	23	0	21	1	20	0	10	2	15	1	6	1	38	0	0	0	1	607	Tetrahymena corlissi
5921	mitochondrion	50	11	56	0	16	0	15	0	35	5	0	0	2	0	14	0	1	0	2	0	11	0	13	0	18	6	11	0	0	0	0	0	34	2	16	31	16	0	23	0	17	1	30	0	9	1	24	2	20	1	20	0	17	1	14	0	17	0	6	1	34	0	4	0	1	607	Tetrahymena cosmopolitanis
43145	mitochondrion	54	8	44	4	13	1	16	1	32	8	0	0	1	1	13	1	2	0	8	0	12	1	11	0	23	1	11	0	0	0	1	0	25	5	28	29	16	3	19	1	15	3	26	1	7	2	19	8	22	4	11	0	24	1	6	1	15	1	6	3	24	2	9	4	1	607	Tetrahymena empidokyrea
104774	mitochondrion	56	3	58	0	19	0	12	0	32	9	0	0	2	0	14	0	0	0	2	0	15	0	8	1	16	8	11	0	0	0	0	0	29	1	19	32	15	1	23	0	14	4	28	1	8	2	24	3	25	2	14	2	16	2	14	0	11	6	5	2	33	0	4	1	1	607	Tetrahymena farleyi
5900	mitochondrion	54	6	52	1	18	1	10	1	30	10	0	0	2	0	13	1	2	0	5	0	17	0	6	1	18	6	10	1	0	0	0	0	24	0	24	32	13	4	21	0	15	4	28	2	9	1	24	2	20	2	20	2	20	3	8	2	12	4	7	0	33	1	4	1	1	607	Tetrahymena leucophrys
5916	mitochondrion	89	2	89	1	23	2	22	0	58	5	0	0	4	0	21	0	3	1	5	0	17	3	18	1	27	5	18	1	1	0	0	0	39	2	50	41	27	5	31	2	27	2	53	4	15	0	38	5	29	3	23	0	31	2	18	2	24	3	11	2	45	0	12	0	1	962	Tetrahymena limacis
427277	mitochondrion	79	4	75	2	19	0	20	4	50	6	0	0	4	0	20	0	0	0	3	0	22	0	13	1	23	5	18	0	0	0	0	0	39	1	23	39	20	3	28	0	22	4	46	0	14	0	37	0	35	4	22	1	31	0	10	2	22	3	12	0	43	0	7	1	1	837	Tetrahymena lwoffi
5903	mitochondrion	75	15	78	0	22	2	23	0	51	6	0	0	4	0	20	1	2	0	6	0	15	0	21	1	23	6	19	0	0	0	0	0	45	4	28	41	23	1	36	0	24	1	48	1	13	1	41	1	32	1	27	0	32	0	14	2	26	0	10	2	51	0	3	0	1	898	Tetrahymena nanneyi
5922	mitochondrion	71	20	81	0	22	3	22	0	50	7	0	0	4	0	20	1	2	0	3	0	17	0	21	0	24	5	19	0	0	0	0	0	47	3	27	41	23	1	36	0	24	1	49	0	12	2	39	3	32	1	27	0	30	0	17	1	26	0	11	1	50	0	4	0	1	900	Tetrahymena nipissingi
5906	mitochondrion	113	5	109	0	30	2	29	0	71	9	0	0	6	0	27	0	2	1	6	0	19	3	27	2	28	8	25	1	0	0	0	0	57	3	50	47	28	6	40	1	34	2	69	6	18	1	49	6	32	3	35	0	37	1	23	3	33	3	15	3	59	1	10	0	1	1198	Tetrahymena patula
5918	mitochondrion	48	12	51	3	13	2	15	0	27	13	0	0	1	1	14	0	3	0	1	1	14	2	6	2	18	6	9	1	0	0	0	0	27	2	19	32	18	0	22	0	12	6	26	3	7	3	27	0	21	1	22	2	17	3	10	2	16	1	6	1	35	0	3	0	1	607	Tetrahymena silvana
5910	mitochondrion	98	23	104	0	30	0	33	0	65	9	0	0	6	0	28	0	3	0	6	0	23	0	29	1	25	9	27	0	0	0	0	0	61	3	37	51	34	0	47	0	29	3	66	2	17	2	54	4	46	0	34	0	35	0	28	1	35	0	14	3	67	1	4	0	1	1197	Tetrahymena sonneborni
427415	mitochondrion	51	10	51	1	17	2	11	0	32	8	0	0	2	0	14	0	1	0	5	1	15	0	9	0	20	4	10	1	0	0	0	0	21	1	26	33	20	3	17	0	13	5	27	2	10	0	27	0	18	0	24	1	24	2	3	2	17	0	7	0	31	0	8	0	1	607	Tetrahymena sp. Foissner
427419	mitochondrion	57	2	56	0	13	1	14	2	41	0	0	0	2	0	14	0	0	0	4	0	13	1	10	0	21	3	11	0	0	0	0	0	30	2	16	32	17	1	22	0	17	1	28	1	10	0	26	1	23	4	16	1	21	2	9	0	16	1	7	0	31	0	6	1	1	607	Tetrahymena sp. Tet-CO
427417	mitochondrion	57	2	57	0	13	1	14	2	40	1	0	0	2	0	14	0	0	0	3	0	13	1	10	0	21	3	11	0	0	0	0	0	30	2	16	32	17	1	22	0	17	1	28	1	10	0	27	0	23	4	17	0	21	2	9	0	16	1	7	0	31	0	6	1	1	607	Tetrahymena sp. RA9
427421	mitochondrion	52	9	55	0	16	0	14	0	37	3	0	0	2	0	14	0	2	0	1	0	10	1	13	0	20	4	10	1	0	0	0	0	31	4	17	31	13	1	26	0	17	1	30	0	8	2	25	1	21	1	19	0	22	0	11	0	17	0	7	0	36	0	2	0	1	607	Tetrahymena sp. Tet-SIN
427420	mitochondrion	57	2	58	0	13	1	15	1	41	0	0	0	2	0	14	0	0	0	2	0	13	0	11	0	22	2	10	1	0	0	0	0	31	1	16	32	17	1	22	0	17	1	28	1	10	0	26	1	22	3	19	0	21	2	9	0	17	0	7	0	31	0	6	1	1	607	Tetrahymena sp. Tet-NI
638353	mitochondrion	31	2	29	0	8	0	8	0	14	3	0	0	2	0	8	0	0	0	2	0	4	0	12	0	6	1	9	0	0	0	0	0	15	0	12	11	7	1	15	0	6	1	18	1	4	1	16	1	6	2	11	0	12	0	5	0	9	1	5	1	14	1	1	2	1	318	Tetrahymena sp. BOLD:AAO5054
638354	mitochondrion	26	4	26	0	8	1	7	0	13	4	0	0	2	0	7	0	0	0	3	0	9	2	4	1	3	3	8	0	0	0	0	0	12	1	8	12	12	1	9	0	6	1	17	2	5	0	17	0	6	0	16	1	10	2	5	0	8	2	6	0	13	0	4	0	1	307	Tetrahymena sp. BOLD:AAO5071
638355	mitochondrion	12	9	21	0	7	0	7	0	12	1	0	0	2	0	7	0	1	0	0	0	6	0	5	0	1	2	7	0	0	0	0	0	11	0	10	9	7	1	11	0	6	0	17	0	3	1	13	2	8	0	5	0	5	0	7	0	7	0	4	0	8	0	0	0	1	235	Tetrahymena sp. DLTH205-08
638348	mitochondrion	19	13	3	10	8	7	2	1	5	7	0	0	0	1	2	4	8	9	8	1	3	6	5	0	1	2	1	4	0	1	0	0	7	7	5	7	7	7	4	2	7	7	5	13	1	6	4	9	11	2	4	3	12	2	4	0	5	5	1	2	8	1	5	1	1	295	Paramecium sp. CBOLN025-07
638349	mitochondrion	30	3	31	2	13	0	4	1	10	2	0	0	1	0	6	0	3	0	1	0	5	0	8	0	3	1	6	0	0	0	0	0	17	0	4	6	8	1	12	0	9	5	16	1	4	4	13	1	11	1	7	2	5	2	10	0	8	1	1	2	12	0	3	0	1	296	Paramecium sp. CBOLN026-07
638351	mitochondrion	17	1	26	1	10	0	8	0	10	1	0	0	1	0	8	0	3	0	2	0	7	0	1	0	2	2	3	0	0	0	0	0	7	1	15	5	9	2	6	1	26	3	6	0	4	0	10	1	5	0	5	1	5	1	5	0	11	1	3	3	9	0	2	0	1	250	Stentor sp. CBOLN059-08
638352	mitochondrion	17	1	26	1	9	1	8	0	8	2	0	0	1	0	8	0	3	0	2	0	6	0	2	0	2	2	3	0	0	0	0	0	7	1	15	5	9	2	6	1	26	2	6	0	5	0	10	1	5	0	4	1	5	1	4	1	10	1	2	4	10	0	2	0	1	248	Stentor sp. CBOLN060-08
745977	mitochondrion	27	4	27	0	6	0	9	0	16	1	0	0	1	1	7	1	1	0	0	0	7	0	7	0	5	0	8	0	0	0	0	0	13	1	9	10	13	0	8	0	7	0	18	1	3	1	16	0	9	1	10	0	13	2	1	0	9	0	5	0	16	0	0	0	1	294	Tetrahymena sp. DLTH186-08
745975	mitochondrion	24	4	25	2	5	0	10	0	13	4	0	0	1	1	7	0	0	0	1	0	8	0	4	1	5	0	8	0	0	0	0	0	17	1	4	9	11	1	10	0	6	1	18	0	4	0	16	0	7	1	13	1	10	0	7	0	8	1	5	0	11	1	4	0	1	290	Tetrahymena sp. DLTH173-08
745953	mitochondrion	55	4	52	1	17	0	11	0	34	7	0	0	2	0	14	0	1	0	7	0	15	0	9	0	22	2	11	0	0	0	0	0	28	5	14	31	21	0	17	2	13	5	28	2	9	1	25	2	20	0	23	2	23	1	8	0	16	1	6	1	33	1	3	1	1	606	Tetrahymena sp. BOLD:AAO5063
745974	mitochondrion	24	4	27	0	6	0	9	1	16	1	0	0	1	1	7	0	0	0	0	0	6	0	7	1	5	0	8	0	0	0	0	0	16	1	9	10	13	0	8	0	6	1	17	1	3	1	16	0	9	1	9	0	14	1	1	0	10	0	4	1	16	0	0	0	1	292	Tetrahymena sp. DLTH172-08
745958	mitochondrion	27	6	28	0	10	0	9	0	17	4	0	0	3	0	7	0	3	0	7	0	6	0	8	0	8	1	10	0	3	0	0	0	23	1	10	8	10	0	15	0	6	2	19	1	7	1	19	0	12	0	9	1	13	1	5	1	11	0	7	2	13	1	5	1	1	361	Tetrahymena sp. BOLD:AAO5064
745936	mitochondrion	24	4	23	2	4	0	11	0	11	5	0	0	1	1	7	0	0	0	2	0	9	0	4	1	4	0	8	0	0	0	0	0	17	1	4	8	10	1	10	0	6	1	18	0	4	0	15	0	5	1	12	1	7	1	6	1	8	1	5	0	11	0	3	0	1	278	Tetrahymena sp. DLTH155-08
745948	mitochondrion	33	1	32	0	10	0	6	0	22	3	0	0	2	0	5	0	1	0	2	0	9	0	6	0	8	0	8	0	0	0	0	0	17	1	9	14	12	0	13	1	8	2	25	1	5	1	18	1	16	0	7	1	14	1	6	0	9	2	6	0	15	1	5	0	1	359	Tetrahymena sp. BOLD:AAO5065
745970	mitochondrion	26	4	27	0	6	0	9	1	16	1	0	0	1	1	7	0	0	0	0	0	6	0	9	0	5	0	8	0	0	0	0	0	16	0	9	10	13	0	8	0	7	0	18	1	3	1	16	0	9	1	9	0	14	1	1	0	10	0	5	0	16	0	0	0	1	295	Tetrahymena sp. DLTH171-08
745934	mitochondrion	24	4	27	0	5	1	9	1	15	2	0	0	1	1	7	0	0	0	0	0	5	1	7	0	5	0	8	0	0	0	0	0	14	2	9	10	13	0	8	0	7	0	18	0	3	1	16	0	9	1	9	0	15	1	1	0	9	0	5	0	16	0	0	0	1	290	Tetrahymena sp. DLTH184-08
745935	mitochondrion	19	9	26	0	7	0	9	0	15	2	0	0	2	0	7	0	1	0	0	0	7	0	6	0	3	2	8	0	0	0	0	0	15	0	10	10	9	0	12	0	7	0	17	1	3	1	14	2	12	0	7	0	9	0	8	0	9	0	4	1	16	0	0	0	1	290	Tetrahymena sp. DLTH154-08
745961	mitochondrion	24	4	27	0	8	2	5	1	11	6	0	0	2	0	7	0	0	0	2	0	7	0	7	0	4	1	8	1	0	0	0	0	12	1	9	11	11	0	11	0	5	2	18	0	3	1	16	0	10	1	10	1	10	1	5	0	8	2	5	0	14	0	2	0	1	296	Tetrahymena sp. DLTH185-08
745969	mitochondrion	25	3	27	0	8	0	7	0	15	2	0	0	2	0	7	0	0	0	0	0	6	0	7	0	5	0	8	0	0	0	0	0	16	1	4	11	11	1	10	0	7	0	18	0	4	0	15	1	12	1	9	0	9	0	7	0	9	0	5	0	16	0	0	0	1	289	Tetrahymena sp. DLTH170-08
745933	mitochondrion	24	4	24	2	4	0	10	0	12	4	0	0	1	1	7	0	0	0	1	0	8	0	4	1	5	0	8	0	0	0	0	0	17	1	4	9	11	1	10	0	6	1	18	0	4	0	15	0	7	1	13	1	9	0	7	0	7	1	5	0	8	1	4	0	1	281	Tetrahymena sp. DLTH153-08
745930	mitochondrion	25	3	24	0	12	0	4	0	13	4	0	0	2	0	7	0	0	0	5	0	10	0	4	0	3	2	9	0	1	0	1	0	15	2	5	10	13	1	8	0	7	0	18	0	4	0	14	0	15	0	5	2	12	1	3	0	8	2	5	0	14	0	2	0	1	295	Tetrahymena sp. DLTH151-08
745929	mitochondrion	23	5	26	0	6	0	10	0	15	2	0	0	2	0	7	0	0	0	1	0	5	1	7	0	5	0	8	0	0	0	0	0	13	1	11	10	9	1	11	0	7	0	17	1	4	0	15	1	10	2	7	0	7	1	8	0	9	0	5	0	16	0	0	0	1	289	Tetrahymena sp. DLTH150-08
745984	mitochondrion	33	1	32	1	8	2	7	0	22	3	0	0	1	1	7	0	1	0	2	0	6	0	10	0	7	1	8	0	0	0	0	0	17	0	18	11	13	0	14	0	10	1	23	1	5	1	19	2	10	0	6	1	15	0	6	0	12	0	5	1	12	0	7	0	1	363	Tetrahymena sp. BOLD:AAO5060
745931	mitochondrion	25	3	23	0	11	0	4	0	13	4	0	0	2	0	7	0	0	0	5	0	10	0	4	0	3	2	8	0	1	0	1	0	15	2	4	10	13	1	8	0	7	0	18	0	4	0	14	0	15	0	5	2	12	1	3	0	8	2	5	0	14	0	2	0	1	291	Tetrahymena sp. DLTH152-08
745960	mitochondrion	24	4	27	0	8	2	5	1	11	6	0	0	2	0	7	0	0	0	1	0	8	0	7	0	4	1	7	1	0	0	0	0	12	1	9	11	11	0	11	0	5	2	18	0	3	1	16	0	10	1	10	1	10	1	5	0	8	2	5	0	14	0	1	0	1	294	Tetrahymena sp. DLTH174-08
745965	mitochondrion	22	4	25	2	5	0	10	0	11	4	0	0	1	1	7	0	0	0	1	0	8	0	4	1	5	0	8	0	0	0	0	0	17	1	4	9	11	1	9	0	6	1	18	0	4	0	16	0	7	1	13	1	8	0	7	0	8	1	4	0	9	1	4	0	1	280	Tetrahymena sp. DLTH169-08
745945	mitochondrion	24	4	27	0	8	2	5	1	11	6	0	0	2	0	7	0	0	0	1	0	7	0	7	0	5	1	7	1	0	0	0	0	12	1	9	11	11	0	11	0	5	2	18	0	3	1	16	0	10	1	10	1	10	1	5	0	8	2	5	0	14	0	2	0	1	295	Tetrahymena sp. DLTH162-08
745982	mitochondrion	32	0	36	0	10	0	8	0	14	5	0	0	2	0	7	0	0	0	2	0	9	0	5	0	7	2	10	0	4	0	0	0	22	1	10	8	12	2	12	0	6	1	20	1	7	1	16	2	13	0	10	0	12	2	5	0	10	1	7	1	14	0	6	0	1	355	Tetrahymena sp. DLTH125-07
745962	mitochondrion	26	2	21	2	12	0	5	0	11	5	0	0	2	0	7	0	2	0	2	0	7	0	5	0	4	1	8	0	0	0	0	0	11	1	8	11	10	2	9	0	7	0	18	0	4	0	15	1	13	0	9	1	12	0	4	0	7	2	5	0	9	0	5	0	1	286	Tetrahymena sp. DLTH175-08
745943	mitochondrion	53	11	55	0	20	0	18	0	32	8	0	0	5	0	14	0	6	0	14	0	12	0	16	0	15	2	20	0	6	0	0	0	45	2	18	16	20	0	29	0	10	4	38	2	14	2	37	0	24	0	18	2	26	0	11	2	23	0	12	4	28	0	10	2	1	706	Tetrahymena sp. BOLD:AAO5061
745971	mitochondrion	61	1	57	0	19	0	12	0	32	7	0	0	4	0	14	0	2	0	3	0	17	1	11	1	13	0	14	2	0	0	0	0	30	2	15	25	22	2	23	1	15	2	43	1	9	2	33	2	21	0	21	4	23	4	9	1	19	0	10	1	29	2	5	0	1	647	Tetrahymena sp. BOLD:AAO5059
745939	mitochondrion	27	6	28	0	10	0	9	0	17	4	0	0	3	0	7	0	3	0	7	0	6	0	8	0	8	1	10	0	3	0	0	0	23	1	10	8	10	0	15	0	5	2	20	1	7	1	19	0	12	0	9	1	13	0	5	1	11	0	6	2	14	0	4	1	1	358	Tetrahymena sp. DLTH158-08
745968	mitochondrion	26	2	21	2	12	0	5	0	11	6	0	0	2	0	7	0	2	0	2	0	7	0	5	0	4	1	8	0	0	0	0	0	11	1	8	11	10	2	9	0	7	0	18	0	4	0	15	1	13	0	9	1	11	1	5	0	7	2	5	0	10	0	5	0	1	289	Tetrahymena sp. DLTH177-08
745938	mitochondrion	25	3	27	0	8	0	7	0	15	2	0	0	2	0	7	0	0	0	0	0	6	0	7	0	5	0	8	0	0	0	0	0	16	1	4	11	11	1	10	0	7	0	18	0	4	0	15	1	12	1	10	0	9	0	7	0	9	0	5	0	16	0	0	0	1	290	Tetrahymena sp. DLTH157-08
745937	mitochondrion	24	4	24	2	6	0	9	0	14	3	0	0	1	1	7	0	0	0	2	0	8	0	3	2	5	0	8	0	0	0	0	0	17	1	5	9	11	1	10	0	6	1	18	0	4	0	16	0	7	1	13	1	9	0	6	1	8	1	5	0	12	1	3	0	1	290	Tetrahymena sp. DLTH156-08
745941	mitochondrion	26	4	27	0	6	0	9	1	16	1	0	0	1	1	7	0	0	0	0	0	6	0	7	1	5	0	8	0	0	0	0	0	15	1	9	10	13	0	8	0	6	1	18	1	3	1	16	0	9	1	9	0	14	1	1	0	10	0	4	1	16	0	0	0	1	294	Tetrahymena sp. DLTH159-08
745949	mitochondrion	24	4	25	2	5	0	10	0	12	4	0	0	1	1	7	0	0	0	1	0	8	0	4	1	5	0	8	0	0	0	0	0	17	1	4	9	11	1	10	0	6	1	18	0	4	0	16	0	7	1	13	1	8	0	7	0	9	1	5	0	8	1	4	0	1	285	Tetrahymena sp. DLTH163-08
745950	mitochondrion	24	4	27	0	8	2	5	1	11	6	0	0	2	0	7	0	0	0	1	0	7	0	7	0	4	1	7	1	0	0	0	0	12	1	9	11	11	0	11	0	5	2	18	0	3	1	16	0	10	1	10	1	10	1	5	0	8	2	5	0	14	0	2	0	1	294	Tetrahymena sp. DLTH164-08
745959	mitochondrion	23	4	23	2	5	0	9	0	12	3	0	0	1	1	8	0	0	0	2	0	8	0	3	2	5	0	8	0	0	0	0	0	17	1	5	9	11	1	10	0	6	1	18	0	4	0	15	0	7	1	12	1	8	0	6	1	7	1	4	0	9	1	3	0	1	278	Tetrahymena sp. DLTH166-08
745956	mitochondrion	19	9	26	0	7	0	9	0	15	2	0	0	2	0	7	0	1	0	0	0	7	0	6	0	3	2	8	0	0	0	0	0	15	0	10	10	9	0	12	0	7	0	17	1	3	1	14	2	12	0	7	0	8	0	8	0	9	0	4	1	16	0	0	0	1	289	Tetrahymena sp. DLTH165-08
745954	mitochondrion	26	4	28	0	6	0	9	1	15	1	1	0	1	1	7	0	0	0	0	0	6	0	8	1	6	0	8	0	0	0	0	0	15	1	9	10	13	0	8	0	6	1	18	1	3	2	16	0	9	1	9	0	14	1	2	0	9	0	4	1	14	0	1	0	1	297	Tetrahymena sp. BOLD:AAO5069
745940	mitochondrion	26	7	27	0	6	0	9	2	14	3	0	0	2	0	8	0	2	0	1	0	6	0	9	0	4	3	9	0	0	0	0	0	15	1	10	10	9	0	12	0	5	2	19	0	4	0	15	1	11	1	7	0	11	0	4	1	10	0	5	0	17	0	0	0	1	308	Tetrahymena sp. DLTH191-08
745981	mitochondrion	26	4	27	0	8	0	8	0	19	1	0	0	1	1	5	1	2	1	5	0	6	0	9	0	7	0	7	0	0	0	2	0	11	1	20	10	6	1	18	0	7	3	21	2	6	0	16	0	7	2	10	0	9	2	6	2	7	2	5	0	11	1	4	1	1	331	Tetrahymena sp. DLTH120-07
745932	mitochondrion	27	3	28	0	9	0	7	0	15	2	0	0	2	0	7	0	0	0	1	0	7	1	8	0	7	0	9	0	0	0	0	0	17	1	4	11	11	1	10	0	7	0	19	0	4	1	15	1	12	1	9	0	9	1	7	0	10	0	5	0	16	0	1	0	1	306	Tetrahymena sp. BOLD:AAO5066
745942	mitochondrion	51	7	49	0	23	1	8	0	26	8	0	0	4	0	14	0	0	0	8	0	18	0	9	0	7	4	16	0	2	0	2	0	29	5	9	20	26	2	16	0	14	0	38	0	8	0	28	0	31	0	10	4	24	2	6	0	15	4	10	0	26	0	4	0	1	588	Tetrahymena sp. BOLD:AAO5067
745927	mitochondrion	84	7	79	1	26	0	20	0	51	9	0	0	6	0	21	0	3	0	9	0	29	0	14	0	18	1	24	0	0	0	0	0	46	1	25	36	32	0	37	1	21	3	61	3	13	2	48	3	46	0	17	3	36	1	14	3	27	2	16	0	40	2	10	0	1	951	Tetrahymena sp. BOLD:AAO5068
745951	mitochondrion	26	4	27	0	6	0	9	1	15	1	0	0	1	1	7	0	0	0	0	0	6	0	7	1	5	0	8	0	0	0	0	0	15	1	9	10	13	0	8	0	6	1	18	1	3	1	16	0	9	1	9	0	13	1	1	0	9	0	4	1	15	0	0	0	1	290	Tetrahymena sp. DLTH195-08
745957	mitochondrion	30	4	35	0	7	0	10	1	23	2	0	0	1	1	7	0	1	0	1	0	6	0	10	0	8	0	9	0	0	0	0	0	19	1	12	12	16	0	9	0	10	0	25	1	4	2	19	0	11	1	9	0	18	1	2	0	12	0	6	0	18	0	1	0	1	365	Tetrahymena sp. BOLD:AAO5070
745978	mitochondrion	28	2	25	0	7	0	8	0	15	3	0	0	2	0	7	0	1	0	2	0	10	0	5	0	5	0	8	0	0	0	0	0	11	1	10	10	12	0	9	0	5	2	19	0	3	2	16	0	13	1	7	0	9	0	6	1	9	0	4	1	13	0	4	0	1	296	Tetrahymena sp. BOLD:AAO5057
745985	mitochondrion	26	3	25	2	2	0	10	0	15	2	0	0	1	1	7	0	1	0	2	0	7	0	6	1	4	1	6	2	0	0	1	0	11	1	10	10	5	0	16	1	9	0	15	1	4	0	14	2	11	1	9	1	13	0	5	0	9	0	5	1	12	0	3	1	1	295	Tetrahymena sp. BOLD:AAO5056
745983	mitochondrion	27	2	26	0	7	0	7	0	15	2	0	0	2	0	7	0	0	0	3	0	9	0	7	0	3	2	8	0	1	0	0	0	13	0	8	13	10	0	12	0	4	3	17	0	5	0	16	0	9	1	12	0	13	2	2	1	7	3	5	0	16	0	1	0	1	301	Tetrahymena sp. DLTH110-07
745979	mitochondrion	29	1	27	0	10	0	6	0	14	3	0	1	2	0	7	0	0	0	0	0	5	1	10	0	5	1	7	1	0	0	0	0	11	0	14	10	8	0	13	0	6	1	19	0	5	0	16	0	9	1	11	0	11	0	4	1	8	2	5	0	13	1	3	0	1	302	Tetrahymena sp. BOLD:AAO5058
745976	mitochondrion	24	4	27	0	7	2	5	1	11	6	0	0	2	0	7	0	0	0	1	0	7	0	7	0	4	1	7	1	0	0	0	0	12	1	9	11	11	0	11	0	5	2	18	0	3	1	16	0	10	1	10	1	10	1	5	0	8	2	5	0	14	0	2	0	1	293	Tetrahymena sp. DLTH181-08
745972	mitochondrion	24	4	27	0	8	2	5	1	11	6	0	0	2	0	7	0	0	0	1	0	7	0	7	0	4	1	7	1	0	1	0	0	12	1	9	11	11	0	11	0	5	2	18	0	3	1	16	0	10	1	10	1	10	1	5	0	8	2	5	0	14	0	2	0	1	295	Tetrahymena sp. DLTH179-08
745944	mitochondrion	22	6	26	0	6	0	9	2	14	3	0	0	2	0	7	0	1	0	1	0	6	0	8	0	3	2	8	0	0	0	0	0	15	1	10	10	9	0	12	0	5	2	18	0	4	0	15	1	11	1	7	0	11	0	4	1	10	0	5	0	16	0	0	0	1	294	Tetrahymena sp. DLTH183-08
68485	mitochondrion	7	39	23	0	6	29	23	0	2	17	2	0	2	6	25	1	19	30	69	21	8	24	21	2	0	22	21	4	3	0	6	0	11	55	26	19	21	39	38	7	10	23	23	6	0	14	0	0	3	14	11	5	10	41	34	6	1	8	9	1	6	18	18	5	1	914	Acrocephalus stentoreus
126890	mitochondrion	20	75	6	3	9	32	27	0	1	38	1	0	0	11	31	0	13	58	107	17	8	23	44	0	0	36	15	8	1	9	14	0	15	73	30	1	9	27	31	4	4	46	23	0	0	7	0	0	7	23	37	5	15	52	35	1	3	25	20	1	4	25	43	15	1	1188	Acrocephalus stentoreus brunnescens
659165	mitochondrion	17	56	3	3	7	24	22	0	0	32	1	0	0	10	26	0	8	42	84	8	2	17	31	0	0	30	9	6	1	7	10	0	11	59	20	1	5	23	24	3	1	39	19	0	0	3	0	0	3	15	29	1	12	33	25	0	3	19	15	0	3	17	32	11	1	882	Acrocephalus stentoreus levantinus
1109734	mitochondrion	11	69	3	3	7	27	20	0	0	33	1	0	0	10	24	3	7	45	90	10	3	19	34	1	0	32	10	5	1	8	12	0	10	62	18	3	6	22	26	3	0	40	20	0	0	4	0	0	3	10	33	0	7	45	28	0	3	18	17	0	0	20	33	13	1	932	Acrocephalus stentoreus harterti
1114291	mitochondrion	12	64	21	0	8	36	28	2	2	23	0	0	2	9	36	0	14	31	75	23	8	22	38	5	8	24	20	6	0	6	12	0	18	69	18	14	16	33	46	4	2	44	19	8	2	8	0	0	4	9	23	6	16	46	32	0	2	14	15	0	4	20	32	6	1	1065	Acrocephalus stentoreus sumbae
1109733	mitochondrion	3	22	1	1	3	8	6	0	0	11	0	0	0	3	9	0	2	14	27	4	1	6	11	0	0	10	3	1	0	3	4	0	3	17	7	0	2	7	8	1	1	12	6	0	0	1	0	0	1	4	11	0	2	15	9	0	1	6	5	0	0	6	11	4	1	293	Acrocephalus stentoreus amyae
