Taxid	Organelle	TTT	TTC	TTA	TTG	TCT	TCC	TCA	TCG	TAT	TAC	TAA	TAG	TGT	TGC	TGA	TGG	CTT	CTC	CTA	CTG	CCT	CCC	CCA	CCG	CAT	CAC	CAA	CAG	CGT	CGC	CGA	CGG	ATT	ATC	ATA	ATG	ACT	ACC	ACA	ACG	AAT	AAC	AAA	AAG	AGT	AGC	AGA	AGG	GTT	GTC	GTA	GTG	GCT	GCC	GCA	GCG	GAT	GAC	GAA	GAG	GGT	GGC	GGA	GGG	#CDS	#Codons
161655	mitochondrion	530	804	904	92	154	286	818	2	334	342	28	2	40	72	554	54	330	270	1730	114	242	204	844	6	190	398	538	20	38	40	270	12	634	1028	1284	152	328	688	1066	16	248	776	396	22	68	214	8	0	236	194	574	74	268	618	534	34	170	274	394	12	212	398	584	198	2	21964
4896	mitochondrion	124	97	269	21	101	6	100	2	119	34	8	2	33	1	6	44	68	4	40	4	73	5	60	4	54	17	74	12	7	3	21	1	194	54	89	71	86	6	59	7	173	27	178	24	72	14	86	5	79	8	65	6	117	7	39	6	95	12	81	16	130	4	71	7	1	3302
5082	mitochondrion	332	115	705	28	176	4	135	4	254	47	16	3	40	3	63	5	62	2	40	4	138	3	63	5	82	34	149	10	26	2	1	3	249	23	377	137	168	2	138	5	326	40	234	17	175	16	131	2	145	2	213	11	212	11	94	4	167	15	139	30	245	0	84	10	1	5976
5322	mitochondrion	526	204	952	39	373	41	140	11	385	63	18	8	69	15	7	86	143	12	92	17	228	16	65	3	139	41	221	14	12	3	24	1	545	102	389	152	237	28	200	12	676	88	655	59	252	33	191	6	196	13	227	34	254	34	115	9	265	31	299	40	246	18	208	30	1	9612
284593	mitochondrion	121	62	414	1	47	0	96	0	222	10	9	2	21	2	50	0	11	0	16	1	54	2	36	1	58	0	51	3	0	0	0	1	318	25	85	78	60	1	53	0	398	8	188	6	44	1	60	0	44	0	104	3	71	4	47	0	74	0	60	0	104	0	49	0	1	3176
5480	mitochondrion	258	102	760	24	201	14	119	9	384	34	17	3	66	6	106	3	103	10	39	13	168	4	54	4	151	29	115	14	52	1	9	6	434	54	317	155	208	14	126	10	353	70	316	53	172	18	120	14	229	20	164	20	270	20	71	6	188	20	185	35	256	6	100	18	1	6920
27291	mitochondrion	181	71	502	10	86	5	109	3	272	17	14	0	41	6	63	1	25	1	22	1	77	3	57	2	95	7	72	7	7	0	0	2	391	40	164	83	82	8	85	7	462	26	294	17	64	5	98	6	88	5	127	8	92	12	64	3	131	6	109	9	154	0	58	13	1	4470
28985	mitochondrion	86	93	310	2	39	3	102	1	140	15	9	0	14	2	44	0	0	0	0	0	51	8	37	1	58	2	53	0	0	0	0	0	258	16	27	65	48	2	67	0	256	15	114	4	36	2	54	1	50	2	105	1	70	5	53	7	55	3	52	4	92	1	56	5	1	2596
60172	mitochondrion	295	105	634	22	163	4	116	1	198	48	14	2	30	4	56	1	34	0	28	1	127	2	50	2	67	34	117	9	16	0	1	1	212	26	324	126	150	1	129	2	263	31	121	7	152	10	94	3	133	1	179	10	200	9	82	5	144	9	132	28	229	0	75	8	1	5077
76775	mitochondrion	157	231	6	0	186	2	130	4	161	67	12	4	35	0	0	62	304	1	333	16	105	2	79	2	74	28	113	4	14	0	72	3	335	98	4	146	146	1	123	2	140	50	106	14	107	9	1	0	157	0	200	13	226	11	90	3	112	6	106	26	190	1	124	5	1	4759
227321	mitochondrion	326	128	760	20	161	3	170	6	290	41	18	2	32	5	66	0	38	1	44	3	129	3	63	2	88	29	147	5	19	0	0	1	266	40	393	128	138	3	173	3	335	38	287	19	167	12	140	4	154	1	209	13	180	16	113	6	160	13	174	31	232	5	133	12	1	6198
235443	mitochondrion	185	133	5	0	70	1	216	3	139	81	11	2	33	1	2	68	102	6	464	17	90	5	86	5	47	49	88	4	8	1	89	9	317	78	10	164	78	4	221	7	111	54	6	82	64	23	2	0	95	10	266	12	183	11	143	4	87	27	110	3	162	3	142	13	1	4512
240176	mitochondrion	326	117	669	16	138	6	152	4	242	22	15	1	29	9	0	57	29	1	25	1	122	6	69	1	88	13	125	8	0	0	0	0	269	32	368	117	137	5	139	4	297	25	216	30	135	17	99	4	120	1	182	11	189	6	123	5	169	3	145	14	144	2	180	19	1	5498
4952	mitochondrion	355	253	1101	18	158	10	273	5	447	66	21	3	71	5	128	8	46	4	50	6	120	5	113	8	135	39	157	3	0	1	4	0	345	141	596	232	227	6	249	1	588	93	410	31	193	6	198	8	155	12	268	18	304	17	156	10	246	18	179	54	325	5	173	12	1	8889
4959	mitochondrion	258	143	799	9	134	9	174	2	287	57	17	1	63	4	89	5	40	0	18	2	136	7	65	6	101	33	112	5	38	1	1	2	256	22	463	163	176	8	138	3	296	46	222	13	146	5	96	7	183	2	177	9	223	13	124	8	159	6	128	32	176	4	186	20	1	6128
284811	mitochondrion	106	43	290	1	40	0	71	0	121	2	7	1	15	0	37	0	31	0	49	0	36	0	43	0	52	0	46	2	0	0	0	0	215	7	95	34	65	0	33	0	167	2	75	6	31	0	40	0	44	0	68	0	50	0	17	0	52	0	42	4	121	0	9	0	1	2170
321614	mitochondrion	413	136	659	71	267	25	147	18	265	114	10	9	69	3	84	7	132	11	136	28	165	21	67	18	134	41	139	19	38	3	9	5	344	70	371	175	190	35	175	17	316	119	375	75	212	50	156	20	214	16	214	40	197	48	135	34	238	57	223	89	226	10	145	63	1	7912
117187	mitochondrion	413	146	738	61	241	33	180	27	394	74	16	5	46	16	84	12	120	13	94	33	224	33	99	33	112	46	162	35	36	11	25	10	288	62	604	199	202	16	169	21	468	107	418	85	246	84	197	26	186	13	266	74	224	62	134	35	271	65	336	140	234	13	203	68	1	9088
367110	mitochondrion	546	181	869	126	281	56	194	33	384	78	18	10	81	12	129	19	158	28	139	35	236	38	83	13	152	42	218	42	50	9	24	7	422	107	559	244	243	41	206	23	498	121	482	118	303	60	209	35	238	36	262	83	296	54	167	39	304	51	277	81	315	27	213	82	1	10487
5061	mitochondrion	273	138	623	13	130	4	139	4	216	36	11	5	28	0	58	1	49	2	11	1	109	3	70	1	51	41	106	3	13	1	1	1	211	26	303	124	109	3	150	0	220	32	143	11	156	8	97	2	137	2	181	11	168	13	90	4	132	10	106	14	187	1	117	10	1	4920
526221	mitochondrion	285	134	634	10	158	2	88	0	186	58	13	3	28	0	66	0	67	1	26	1	119	3	35	0	67	14	92	3	12	0	1	0	226	36	317	115	136	2	129	0	216	49	143	6	173	18	79	0	141	0	165	12	184	15	57	9	90	30	137	5	161	1	149	16	1	4923
535722	mitochondrion	258	81	580	6	111	1	133	1	179	28	12	2	26	0	53	1	31	0	13	0	86	1	43	0	60	13	83	3	8	0	1	0	178	14	289	97	81	0	116	0	218	13	151	2	132	7	67	0	111	0	117	7	143	5	48	1	100	2	89	5	228	0	31	1	1	4067
559292	mitochondrion	325	120	897	14	147	10	236	3	460	35	19	0	86	6	124	6	43	1	54	0	147	9	91	8	171	12	148	17	18	2	0	1	666	62	244	184	135	12	183	12	738	48	564	35	115	4	219	6	150	13	248	22	180	18	137	13	251	13	198	22	327	6	106	26	1	8167
560253	mitochondrion	12	27	10	11	18	14	27	20	8	17	0	2	6	7	0	13	12	16	10	24	19	19	34	15	12	13	24	18	2	6	7	0	12	25	12	18	18	20	32	9	19	16	17	11	15	12	9	5	14	15	9	17	30	18	28	25	12	15	13	30	12	9	19	17	1	956
645133	mitochondrion	312	124	622	17	161	16	79	10	227	72	15	1	33	2	66	1	55	2	37	8	127	5	39	4	72	28	121	6	15	1	2	4	226	31	341	122	154	6	128	3	248	57	229	16	170	37	98	0	167	13	160	21	192	23	73	19	138	30	139	17	178	3	143	28	1	5494
665079	mitochondrion	766	206	1093	164	453	71	229	46	558	178	32	13	128	32	125	29	255	25	215	52	297	47	110	23	225	68	288	80	88	10	36	15	545	118	637	278	348	79	284	60	715	239	907	288	425	115	392	67	396	61	359	101	394	94	182	48	480	121	498	195	466	41	209	101	1	15200
858893	mitochondrion	312	77	577	25	125	9	136	2	218	44	14	2	30	1	59	1	44	2	61	5	85	1	64	3	69	14	95	7	11	1	0	1	190	28	352	114	99	3	147	2	210	26	177	9	120	18	98	3	124	5	147	17	126	18	112	4	101	10	108	14	199	1	99	13	1	4789
1003335	mitochondrion	118	113	423	5	66	1	128	3	171	17	10	1	20	1	54	1	0	0	0	0	58	3	56	2	68	5	68	3	0	0	0	0	326	24	49	79	70	3	86	0	329	25	207	4	37	3	69	0	53	3	141	5	106	8	43	2	100	1	87	6	122	4	71	1	1	3459
1069201	mitochondrion	276	139	642	12	131	3	140	2	217	40	12	2	27	0	57	0	46	0	10	1	110	3	69	0	52	42	100	3	12	0	0	1	217	29	300	126	106	0	145	0	221	28	147	9	160	6	99	0	145	0	177	10	171	8	89	4	121	11	113	15	206	0	106	4	1	4922
1080349	mitochondrion	80	70	285	0	44	3	72	0	116	12	8	1	14	1	38	1	5	0	14	0	42	3	38	1	52	3	40	2	1	0	0	0	186	38	43	65	50	0	51	1	170	10	71	1	30	0	47	0	53	2	88	3	67	5	48	4	51	4	41	5	99	0	31	3	1	2213
1186058	mitochondrion	90	105	254	4	69	6	102	1	117	27	9	2	11	1	0	39	37	5	47	4	94	4	52	5	35	12	66	2	11	3	54	6	193	31	27	84	60	3	104	5	149	56	131	13	87	11	61	2	54	4	118	13	64	10	55	2	85	18	96	14	71	3	79	10	1	2987
1209932	mitochondrion	21	3	20	1	5	1	2	1	10	2	2	0	1	0	0	0	6	0	2	1	1	0	2	0	2	0	6	0	0	0	0	0	10	3	20	6	8	0	1	0	10	1	7	0	6	1	5	0	10	0	7	1	5	0	4	0	4	2	7	1	8	0	4	4	1	224
6087	mitochondrion	406	32	456	33	150	15	95	2	169	14	13	0	39	2	74	3	48	4	55	3	61	9	53	2	72	8	56	3	6	0	0	0	304	36	298	86	92	11	51	0	217	43	119	11	79	16	51	0	77	7	84	6	90	7	42	0	67	14	82	3	65	9	111	26	1	3987
6105	mitochondrion	257	59	295	109	100	32	39	26	140	33	11	2	27	6	31	71	85	22	75	22	57	48	30	31	54	26	68	17	10	5	22	8	199	43	133	126	92	55	48	19	92	29	75	24	61	21	39	19	134	39	82	75	130	101	41	50	66	31	53	53	80	47	89	91	1	4055
6183	mitochondrion	296	23	294	139	81	6	44	20	182	21	5	7	89	11	51	52	43	5	20	20	34	9	17	14	50	3	9	22	34	2	10	11	129	14	150	119	40	2	13	10	50	4	39	55	100	10	60	50	189	16	123	86	57	3	14	9	63	2	27	46	138	8	40	55	1	3345
6239	mitochondrion	429	23	356	81	84	5	51	5	144	29	10	2	45	2	62	9	51	1	36	5	27	7	39	8	45	13	34	10	29	0	1	1	257	23	134	44	62	7	69	6	139	12	95	14	61	6	126	39	118	9	98	28	62	9	39	4	55	8	52	26	93	5	60	29	1	3433
6279	mitochondrion	616	15	225	182	161	3	5	1	214	15	5	4	97	10	39	35	25	2	13	12	58	4	11	2	48	4	25	26	42	2	3	7	223	13	74	73	84	3	4	0	97	5	28	43	113	9	24	13	221	17	26	19	58	12	7	4	79	8	28	30	156	25	26	27	1	3460
6500	mitochondrion	234	78	299	76	145	24	44	14	95	34	8	3	43	4	77	19	120	14	65	15	95	10	32	5	55	19	39	21	17	0	29	7	203	33	114	60	100	15	43	12	91	16	69	16	72	18	61	25	129	15	107	47	152	28	35	11	55	11	53	35	75	9	137	44	1	3631
6526	mitochondrion	352	26	344	68	105	8	101	11	136	26	6	2	46	6	74	10	60	4	36	9	78	7	36	3	56	12	41	3	27	3	18	5	313	29	214	35	68	12	61	7	120	14	83	12	54	3	76	13	113	9	79	18	66	11	69	14	50	8	75	12	73	3	99	30	1	3562
6565	mitochondrion	215	103	138	81	101	11	76	27	73	53	9	1	48	24	63	48	111	27	64	49	67	16	37	20	48	26	28	35	22	5	22	12	193	40	96	109	69	19	43	21	43	39	49	52	45	30	65	44	144	45	88	79	90	30	80	49	56	31	55	51	66	39	80	79	1	3679
6573	mitochondrion	264	86	103	123	77	32	20	22	84	55	6	5	69	31	27	107	95	29	52	62	59	35	10	22	37	25	14	38	34	12	20	36	122	34	57	110	41	28	17	25	38	18	30	62	34	15	67	85	115	38	70	113	98	36	33	26	39	26	40	68	80	33	89	146	1	3524
6687	mitochondrion	234	70	340	40	109	27	89	13	113	30	10	1	32	9	88	14	91	22	74	19	89	13	36	6	58	27	69	7	22	2	34	3	249	47	192	26	93	19	68	16	106	35	70	10	43	8	71	0	100	20	130	10	129	35	60	6	58	17	65	17	109	5	87	33	1	3725
6689	mitochondrion	200	91	269	68	110	30	72	13	106	39	9	0	32	8	87	15	108	26	76	34	84	13	42	9	53	36	51	22	19	4	27	11	229	67	152	42	102	22	68	16	90	47	60	19	41	12	76	0	100	19	119	32	133	48	56	12	47	25	62	17	66	11	121	47	1	3722
6850	mitochondrion	246	85	227	84	110	65	98	6	87	35	9	2	40	9	94	17	106	55	94	4	69	27	52	4	37	41	52	15	14	7	34	7	241	107	171	43	53	40	84	2	103	44	66	19	22	8	66	12	90	14	82	36	76	39	55	6	36	24	64	23	41	21	109	66	1	3695
6941	mitochondrion	379	35	384	17	99	10	112	3	126	22	9	0	26	7	76	7	55	3	31	1	67	9	36	3	50	9	59	2	14	2	27	2	445	20	322	23	69	3	58	0	178	32	139	5	18	7	76	3	54	10	52	10	61	8	45	2	40	12	66	11	48	18	67	28	1	3612
6956	mitochondrion	381	51	285	67	188	21	56	7	128	40	9	2	51	10	46	37	69	8	61	8	64	12	52	8	45	15	31	6	22	0	14	5	232	58	208	56	80	16	49	2	83	38	103	20	36	8	49	30	161	12	76	30	64	15	18	4	47	25	39	43	75	8	50	76	1	3610
7029	mitochondrion	432	34	463	22	78	1	113	0	160	12	12	0	30	4	84	0	32	0	30	0	69	1	38	0	46	8	43	4	21	1	18	0	475	26	313	14	51	0	73	0	271	30	129	8	28	2	60	0	51	0	27	0	39	3	34	0	51	1	68	1	60	0	72	5	1	3648
7038	mitochondrion	356	34	259	44	104	11	96	12	127	44	8	3	29	8	65	26	76	12	70	23	41	25	31	5	38	15	36	14	9	0	20	12	297	70	270	64	73	23	69	8	126	49	110	34	44	12	92	17	128	12	74	30	45	10	26	3	53	9	64	17	54	11	70	24	1	3641
7048	mitochondrion	328	64	390	27	104	24	94	3	133	32	9	3	28	5	81	10	81	19	64	2	58	25	44	5	52	17	51	5	13	4	34	4	350	70	196	21	98	26	54	2	171	34	118	18	32	9	95	16	55	5	66	3	58	27	45	0	51	13	71	17	46	13	99	26	1	3718
7070	mitochondrion	243	100	245	80	96	23	104	17	100	45	6	3	23	8	92	8	93	35	103	13	53	23	50	8	40	36	52	17	16	3	32	5	308	76	183	49	68	32	77	7	121	64	69	35	25	3	85	12	87	11	83	20	56	38	61	6	45	20	66	17	38	17	120	42	1	3713
7091	mitochondrion	377	22	442	28	98	12	99	1	176	13	11	0	28	5	87	7	14	3	36	1	49	14	55	2	55	10	55	5	14	0	37	1	437	23	264	23	44	9	91	2	223	36	108	8	34	2	81	1	71	1	63	1	71	5	38	1	62	5	68	5	74	6	98	15	1	3727
7092	mitochondrion	368	26	462	18	98	10	99	2	178	11	11	0	32	1	90	3	15	3	29	2	54	10	54	3	54	11	55	5	14	2	36	1	436	23	266	26	47	10	91	2	227	34	103	11	34	3	81	0	75	1	60	1	71	4	38	0	61	7	59	15	77	3	94	18	1	3735
7108	mitochondrion	334	33	495	10	109	10	86	1	182	9	8	1	31	2	97	1	23	3	13	1	71	15	38	3	56	8	60	4	24	2	28	1	433	18	270	18	80	10	61	1	241	17	97	10	27	3	87	0	70	2	68	3	72	6	43	2	67	2	61	9	71	0	108	20	1	3736
7130	mitochondrion	358	20	487	11	104	5	95	2	189	7	9	0	28	2	94	2	26	1	17	1	78	10	34	0	68	4	59	3	12	0	38	3	439	20	285	16	78	6	62	1	251	5	93	12	23	1	89	0	67	4	58	3	65	5	50	1	61	4	64	7	62	2	99	31	1	3731
7137	mitochondrion	333	25	446	10	122	18	72	2	181	10	10	0	28	1	95	1	67	7	34	0	75	17	31	3	61	6	58	4	15	0	35	2	439	18	245	15	106	10	50	0	238	10	99	10	30	0	85	0	79	4	65	1	74	11	38	1	58	5	67	7	61	3	119	17	1	3734
7159	mitochondrion	318	37	485	23	123	16	65	5	150	21	9	1	36	2	100	3	38	6	34	3	81	10	34	5	57	20	71	4	12	2	36	6	325	25	210	30	111	6	84	1	201	16	76	18	60	7	40	0	95	6	82	4	112	10	35	3	56	12	72	5	31	4	140	43	1	3733
7160	mitochondrion	343	17	492	17	123	6	72	3	157	13	11	1	37	4	96	5	47	3	28	4	83	14	34	1	76	6	75	1	11	2	39	6	360	11	234	19	99	8	80	4	208	9	86	9	48	4	51	3	72	4	86	9	99	12	49	2	56	5	69	6	33	7	135	39	1	3743
7173	mitochondrion	326	32	522	20	119	5	81	4	139	25	6	1	36	4	98	3	29	1	39	2	77	4	52	1	60	15	73	1	6	0	46	5	320	9	196	26	107	3	93	2	181	22	65	29	52	8	46	0	89	5	105	4	103	13	59	2	57	9	79	2	53	3	137	25	1	3736
7176	mitochondrion	324	39	504	21	117	10	77	2	154	14	7	1	39	1	98	2	39	4	26	0	75	5	47	2	61	14	72	4	9	1	41	7	322	22	206	29	100	6	83	1	203	16	69	24	61	5	47	1	95	5	93	5	124	7	34	2	63	4	72	5	37	3	144	37	1	3742
7213	mitochondrion	321	21	477	30	125	9	92	2	142	24	10	1	38	5	95	7	61	0	31	1	78	4	54	0	63	16	75	5	16	1	38	4	350	21	181	17	79	8	94	3	180	19	71	12	44	4	66	0	112	4	70	4	109	8	57	4	52	11	73	5	62	9	128	26	1	3729
7226	mitochondrion	317	14	539	23	133	6	90	4	149	19	7	1	38	3	98	5	31	1	23	1	74	7	47	3	66	11	66	5	13	0	42	4	340	21	203	19	99	5	78	2	196	10	77	8	31	1	75	0	81	1	96	9	138	6	28	2	58	7	73	5	70	1	129	19	1	3728
7227	mitochondrion	317	15	541	24	128	6	96	4	145	22	8	1	40	3	97	5	33	1	21	0	79	6	42	3	72	7	64	6	13	0	44	2	353	16	215	13	95	5	77	2	193	10	81	5	30	0	74	0	82	1	91	8	129	8	27	4	59	7	76	2	61	2	137	19	1	3727
7237	mitochondrion	309	34	527	31	122	4	100	6	150	14	9	2	41	2	94	6	36	0	25	2	73	6	48	3	59	17	70	1	11	0	43	5	344	12	187	20	90	3	88	2	191	15	71	11	42	1	63	0	87	1	105	6	110	15	48	1	59	7	78	3	69	3	127	20	1	3729
7240	mitochondrion	311	17	551	16	130	6	98	0	151	17	7	0	39	3	98	4	31	0	23	0	74	6	49	2	67	10	68	3	13	0	44	2	349	16	206	17	98	6	80	1	190	15	76	9	27	1	77	0	78	7	92	9	140	4	25	3	56	9	75	3	60	1	134	24	1	3728
7241	mitochondrion	313	21	523	36	117	3	109	2	148	21	12	0	40	2	93	6	32	0	30	1	74	5	48	3	61	15	65	5	19	0	39	1	343	10	197	18	81	7	96	2	183	14	77	10	36	0	71	0	93	6	98	2	112	11	45	3	63	6	77	2	86	1	114	21	1	3729
7245	mitochondrion	313	17	542	25	121	5	102	3	141	29	9	0	42	2	96	6	36	2	19	2	79	3	45	3	65	12	70	0	8	0	45	6	345	15	194	18	97	3	85	2	193	13	76	9	34	1	73	0	90	3	93	8	125	9	37	2	54	10	82	1	67	2	129	22	1	3740
7291	mitochondrion	318	28	494	38	111	6	103	5	143	25	12	0	40	1	96	5	56	5	28	3	65	19	44	1	56	23	70	4	14	1	43	2	341	12	186	22	81	9	89	3	189	20	74	16	32	6	76	0	98	7	94	8	89	34	48	5	56	11	75	3	40	7	132	41	1	3763
7375	mitochondrion	302	42	498	26	122	4	104	3	148	22	8	1	28	2	91	7	53	0	23	0	77	4	52	1	63	12	72	1	10	0	44	3	331	15	198	22	107	2	83	0	177	16	56	35	52	3	54	0	98	3	105	5	125	9	45	1	58	10	75	1	57	1	144	19	1	3730
7446	mitochondrion	321	48	372	23	114	27	95	3	152	32	12	1	30	5	77	8	71	24	62	2	67	16	36	3	51	16	56	6	10	1	27	2	366	75	326	32	71	19	63	1	191	22	118	16	24	2	79	21	66	11	62	8	46	10	30	2	54	10	61	11	32	11	83	42	1	3735
7469	mitochondrion	355	26	472	24	53	11	166	1	209	10	13	0	25	0	78	5	35	1	36	0	36	3	64	0	57	3	39	2	9	0	29	1	476	24	312	22	53	5	72	1	238	11	152	8	18	2	81	2	67	1	53	0	20	1	36	0	52	5	74	5	47	0	85	3	1	3689
7461	mitochondrion	335	35	483	10	55	9	167	0	202	17	13	0	26	0	84	0	40	1	34	2	34	4	67	0	55	6	39	0	9	1	28	0	452	20	312	17	38	1	82	0	223	14	156	7	15	0	85	5	83	7	59	1	29	4	36	2	60	2	77	6	44	3	82	6	1	3684
7463	mitochondrion	359	22	514	27	65	1	155	0	212	14	11	1	26	1	81	1	31	2	16	1	37	1	69	0	52	5	37	2	9	0	29	0	464	14	307	26	47	4	78	1	244	13	149	6	15	0	77	3	71	1	52	1	26	3	27	1	50	2	72	3	45	1	87	2	1	3673
7574	mitochondrion	275	65	228	60	88	23	80	8	124	40	6	7	61	17	64	72	119	26	58	33	89	17	52	9	68	21	33	19	31	4	24	15	230	37	141	71	84	21	48	12	80	32	75	50	43	13	70	57	146	19	101	52	135	38	57	5	65	18	44	63	120	25	82	71	1	3941
7654	mitochondrion	180	128	108	57	96	80	73	18	38	76	7	6	10	21	80	25	119	78	194	54	36	61	66	9	17	61	65	17	7	8	46	13	130	80	145	99	46	84	94	20	24	59	73	53	11	20	70	15	95	50	91	30	69	108	94	25	23	45	64	29	34	34	109	55	1	3832
7668	mitochondrion	199	115	149	67	88	88	74	16	49	60	11	2	10	21	72	34	118	77	151	41	54	58	57	11	24	55	61	25	7	9	44	14	145	66	141	106	57	69	87	11	41	55	75	57	17	25	55	25	93	46	81	41	69	109	90	17	31	36	50	42	35	50	104	49	1	3836
413601	mitochondrion	401	72	334	51	128	27	74	4	131	28	10	2	27	2	75	13	72	14	68	10	68	14	18	2	51	15	44	7	20	2	20	10	270	37	209	46	78	10	42	4	137	20	95	24	76	8	187	58	104	13	104	22	68	11	13	3	62	8	57	20	21	0	35	14	1	3670
7725	mitochondrion	397	33	255	197	102	25	24	25	176	25	9	4	40	1	39	40	69	6	21	20	46	24	19	14	59	7	31	13	21	2	10	14	244	24	138	119	75	13	22	13	123	25	41	43	88	11	35	85	151	22	91	84	51	22	25	7	51	13	30	46	55	12	46	60	1	3633
7739	mitochondrion	170	82	289	112	78	19	64	18	97	53	2	7	23	15	58	48	77	15	93	36	76	20	40	22	65	26	38	47	16	12	27	21	187	46	138	63	65	15	65	32	87	24	40	33	73	33	12	0	130	23	124	67	126	22	86	34	57	23	58	45	92	20	67	113	1	3766
7741	mitochondrion	227	34	316	123	87	11	48	22	120	34	5	7	33	5	62	48	76	8	61	19	68	19	45	20	80	11	51	34	22	2	18	30	199	44	148	61	75	9	69	31	101	18	43	30	60	20	29	1	115	24	119	72	125	17	92	44	61	17	52	48	81	16	67	132	1	3766
10224	mitochondrion	194	73	184	34	113	76	94	6	61	42	11	1	24	9	88	23	221	100	129	14	95	65	44	6	59	37	82	8	28	14	33	5	185	72	96	70	115	76	89	5	60	68	47	12	34	22	4	0	92	18	53	19	120	78	104	6	38	29	75	16	49	45	93	44	1	3807
13164	mitochondrion	431	43	447	20	80	1	110	1	154	14	11	1	33	1	78	5	29	1	35	0	57	7	46	1	45	7	48	1	18	1	21	0	451	29	304	21	43	5	76	1	266	28	124	16	33	4	58	0	59	1	31	2	34	5	40	1	48	4	63	5	62	0	58	13	1	3632
13632	mitochondrion	299	46	503	23	120	5	105	3	143	25	10	1	30	1	93	6	53	0	19	1	81	1	51	1	60	14	71	2	11	0	44	2	328	16	194	27	109	1	81	1	179	16	55	36	51	3	53	0	100	2	105	2	127	5	50	1	60	8	73	1	59	0	141	19	1	3727
27457	mitochondrion	247	77	367	59	102	15	97	11	138	33	6	1	41	4	94	8	74	7	89	8	68	27	38	2	42	38	61	13	15	1	36	8	299	39	156	35	87	19	97	3	142	42	50	35	56	2	54	0	94	13	101	16	95	28	64	5	51	19	72	4	62	5	123	37	1	3732
28588	mitochondrion	240	93	364	61	110	17	89	11	120	38	8	2	42	4	90	8	76	4	86	4	72	16	46	5	55	25	71	6	17	3	29	12	266	64	168	31	88	24	83	4	142	43	57	35	51	5	57	0	89	14	105	15	117	29	39	6	56	16	64	10	69	12	105	44	1	3732
29058	mitochondrion	339	29	476	10	124	8	66	0	175	15	8	1	29	2	95	2	29	1	17	0	65	17	43	1	59	7	62	2	13	0	38	2	438	26	263	15	84	9	64	2	237	23	98	9	31	2	85	0	72	2	75	4	73	6	42	1	59	7	67	5	63	3	119	18	1	3737
30066	mitochondrion	322	37	520	20	124	2	81	2	148	16	6	0	35	5	96	5	30	0	40	2	79	3	48	4	61	14	71	3	6	0	48	3	312	13	194	29	108	5	90	2	179	23	67	27	54	6	48	0	95	2	101	7	107	11	57	2	56	10	80	1	52	3	135	27	1	3734
32264	mitochondrion	473	29	368	27	90	7	106	2	124	23	7	1	22	3	48	3	34	1	37	1	42	2	24	1	39	5	27	2	7	1	15	2	371	25	360	35	49	2	49	6	238	49	160	12	37	2	81	0	61	1	42	4	25	7	22	1	34	5	58	11	25	3	51	14	1	3413
34632	mitochondrion	344	51	355	24	89	25	129	1	111	19	10	1	28	8	74	6	59	6	42	1	53	17	47	3	59	6	51	5	11	0	32	1	421	42	293	25	69	5	67	1	179	29	126	10	31	2	72	7	57	7	70	5	60	14	41	2	49	9	69	10	50	13	79	21	1	3603
34638	mitochondrion	649	113	570	147	173	41	87	12	249	50	17	4	52	13	128	24	79	29	109	26	119	30	27	2	60	56	85	8	21	2	40	10	467	95	398	69	114	46	78	6	294	89	189	36	60	30	186	39	192	31	116	59	97	28	36	11	81	32	86	59	60	38	112	83	1	6349
35525	mitochondrion	261	68	284	83	140	18	50	11	80	54	4	5	26	10	71	31	111	28	89	22	66	36	24	18	62	22	51	24	24	4	23	11	224	72	146	37	101	30	45	8	103	35	63	22	52	19	61	1	104	30	101	42	97	33	50	25	50	26	47	30	57	27	52	96	1	3697
37621	mitochondrion	319	54	329	41	103	25	75	11	94	28	11	1	41	10	89	18	115	27	78	15	50	29	47	6	44	37	57	14	22	6	27	4	269	50	146	48	71	23	91	14	88	49	66	16	48	21	64	1	118	19	90	25	91	32	73	10	47	29	75	15	65	14	80	87	1	3762
38569	mitochondrion	333	31	517	19	108	5	88	5	151	14	7	2	40	1	95	5	40	0	25	0	72	7	47	0	63	12	75	2	7	0	48	3	322	23	205	25	97	4	89	1	193	22	70	23	71	4	40	0	100	4	85	5	118	7	42	5	63	6	74	1	43	3	139	36	1	3742
46731	mitochondrion	512	18	331	99	158	4	31	16	144	8	10	3	42	1	67	25	148	4	15	3	70	11	36	17	70	6	72	11	20	2	27	6	299	17	97	92	77	4	50	15	104	11	108	13	69	6	20	7	237	9	31	33	104	16	56	29	71	12	75	36	94	22	90	108	1	3999
48498	mitochondrion	455	29	280	139	158	13	23	16	132	11	10	3	50	2	38	53	139	11	27	13	81	15	37	12	66	9	58	13	22	4	26	9	215	20	68	103	65	7	57	20	83	21	99	17	61	10	21	8	250	28	35	41	94	30	56	50	55	25	53	59	83	29	70	138	1	3925
50429	mitochondrion	489	13	331	94	155	2	34	16	144	11	11	2	41	2	65	26	135	6	17	3	68	12	35	16	70	5	72	8	19	2	28	6	303	15	93	95	72	4	51	15	102	10	110	14	64	10	21	7	238	10	27	29	103	14	59	32	71	12	74	33	90	21	93	101	1	3931
51655	mitochondrion	362	25	491	13	131	7	72	3	160	23	10	0	27	2	92	2	29	2	13	1	80	16	31	0	59	8	59	4	20	0	31	1	429	19	246	34	92	12	54	2	234	17	109	9	28	0	81	0	75	3	50	6	79	5	38	0	63	3	70	4	53	2	116	27	1	3734
59916	mitochondrion	245	79	328	76	112	14	93	8	123	44	7	1	40	5	86	16	77	6	107	14	67	28	37	4	39	41	62	13	15	3	36	5	284	49	148	38	78	29	90	8	142	45	56	28	42	14	55	0	95	14	96	20	94	35	61	6	46	24	66	11	48	7	109	63	1	3732
64459	mitochondrion	367	35	449	21	113	8	87	1	160	24	9	2	29	4	88	6	46	0	23	1	58	6	55	5	47	16	53	4	14	0	34	5	392	29	257	26	73	16	71	2	221	30	107	13	30	2	77	0	80	0	57	5	60	11	42	5	52	11	69	7	50	1	111	46	1	3723
69820	mitochondrion	335	33	482	14	108	8	89	1	189	7	7	1	28	2	95	2	21	2	21	1	68	16	37	2	56	9	62	2	26	0	27	0	430	23	269	19	73	6	66	0	233	20	96	9	26	2	87	0	72	1	65	3	80	2	40	4	63	4	63	8	61	1	117	23	1	3717
70779	mitochondrion	319	23	263	174	112	21	27	38	146	16	5	8	37	3	41	56	84	11	42	19	70	19	30	32	64	15	56	21	12	5	20	11	184	44	115	114	79	18	44	24	88	16	72	31	69	10	34	16	195	25	49	117	112	56	35	63	55	29	52	68	77	43	54	164	1	3952
72036	mitochondrion	234	70	272	80	93	51	37	18	89	58	8	4	32	12	60	28	96	29	97	29	64	39	21	4	46	27	29	23	5	5	19	14	172	57	135	43	80	22	39	7	69	34	66	23	41	23	123	83	79	29	116	63	88	25	40	18	38	27	47	42	50	28	91	115	1	3606
76193	mitochondrion	353	22	446	16	113	13	85	4	170	22	9	2	32	1	92	3	45	2	25	1	75	11	34	2	54	12	63	0	17	1	34	1	440	20	262	32	87	5	50	4	251	22	83	14	21	1	88	1	71	5	58	4	81	10	32	2	56	9	65	8	45	5	109	32	1	3733
76194	mitochondrion	350	19	475	3	123	11	78	1	176	11	10	1	31	3	91	3	52	1	19	0	77	15	27	3	63	5	63	2	18	0	35	0	440	15	278	18	83	10	53	2	254	16	85	13	26	0	89	1	69	3	57	3	85	6	28	2	54	7	72	4	69	4	103	18	1	3733
79782	mitochondrion	261	67	285	81	94	28	88	12	135	30	7	4	40	13	85	17	47	10	60	11	56	22	45	7	49	20	50	7	17	2	25	4	272	65	257	42	68	22	87	5	142	36	92	18	41	14	81	6	93	6	79	10	59	23	50	6	48	15	66	16	54	17	74	50	1	3593
80765	mitochondrion	453	31	467	25	85	6	98	0	152	17	12	0	32	2	77	4	25	2	34	0	51	5	55	0	49	4	47	2	17	0	23	0	463	37	286	26	57	4	63	0	270	30	125	14	22	4	62	3	44	1	29	3	39	5	37	0	46	6	61	7	61	1	67	11	1	3659
93504	mitochondrion	353	28	454	17	95	10	94	4	171	16	11	1	30	1	89	5	22	1	32	0	60	7	52	2	58	4	61	3	14	1	33	3	456	28	265	20	72	10	75	0	234	22	94	8	25	2	89	1	70	2	62	1	71	8	47	1	59	4	62	10	56	5	115	25	1	3731
104688	mitochondrion	248	83	340	84	95	25	90	10	118	49	9	2	40	4	85	16	62	15	100	2	72	19	43	4	54	29	69	7	15	3	32	9	272	67	161	41	87	25	87	3	147	38	55	26	33	13	67	2	80	15	102	15	99	27	53	6	54	17	68	7	49	19	110	53	1	3731
108931	mitochondrion	359	59	350	45	115	35	95	6	133	28	6	2	41	4	70	11	63	10	62	6	47	37	46	3	45	19	40	8	15	0	24	5	351	50	231	37	60	30	55	3	155	34	130	23	53	8	78	10	66	8	57	9	37	13	28	0	45	15	76	8	63	6	65	28	1	3621
109461	mitochondrion	327	30	366	34	105	16	36	4	168	14	8	4	29	0	69	11	59	6	40	1	92	7	10	2	60	5	34	6	21	0	23	3	385	24	321	21	86	2	28	3	192	12	90	26	58	7	81	1	65	3	85	7	66	6	24	2	47	5	80	11	77	2	55	24	1	3486
133434	mitochondrion	140	157	99	69	63	87	76	27	50	64	8	4	18	21	71	29	107	122	154	67	44	77	43	16	16	70	59	18	6	11	43	18	86	102	165	77	57	100	84	17	20	68	87	52	19	28	38	32	73	43	98	53	71	88	83	21	18	48	64	29	51	48	84	73	1	3831
133901	mitochondrion	429	62	314	53	105	30	117	10	126	30	8	2	37	8	61	9	60	4	51	10	48	11	43	9	44	12	40	14	15	1	25	4	319	58	246	26	60	8	81	9	147	33	144	30	24	5	63	15	87	5	46	8	53	10	35	9	52	6	73	10	54	6	86	20	1	3620
136037	mitochondrion	258	97	199	139	102	17	108	11	113	41	9	1	40	13	70	32	49	14	104	4	43	20	65	6	34	41	55	13	20	2	34	1	181	101	204	66	53	25	153	9	89	65	75	16	21	2	78	17	128	9	83	15	60	23	72	5	51	23	67	32	101	4	94	43	1	3720
143948	mitochondrion	448	29	499	16	81	1	107	0	160	11	9	0	33	1	84	1	23	0	17	0	55	2	52	0	47	8	48	2	15	1	24	0	478	21	305	16	50	1	70	0	280	21	136	10	33	2	59	0	45	1	24	2	39	7	27	0	46	4	62	6	60	1	70	5	1	3655
151771	mitochondrion	221	73	396	81	122	28	60	27	191	43	4	8	51	11	3	87	93	18	109	28	90	47	45	18	74	31	107	22	29	8	17	11	237	50	217	146	113	33	83	18	123	40	99	41	97	51	64	15	130	32	103	68	161	68	93	22	90	36	87	73	92	48	100	95	1	4878
161013	mitochondrion	418	57	317	36	144	21	98	3	108	36	12	1	39	4	70	2	89	6	54	8	47	13	48	5	52	5	38	8	13	0	34	1	340	56	229	18	65	12	85	4	134	43	157	21	21	0	106	10	74	9	60	10	48	9	46	2	37	11	76	4	49	5	106	10	1	3644
174628	mitochondrion	237	84	313	82	93	27	95	10	119	48	8	1	40	4	77	25	58	16	119	17	60	37	35	7	42	40	61	14	14	4	35	7	255	71	148	47	80	38	85	6	134	52	52	29	37	18	53	3	92	17	98	19	82	39	59	14	40	28	63	13	51	18	98	63	1	3731
7165	mitochondrion	325	34	518	23	117	5	81	5	141	24	9	1	35	5	98	3	29	1	40	1	78	3	52	1	61	15	73	2	6	0	47	5	315	13	198	25	107	4	93	2	182	22	66	29	52	8	46	0	91	3	105	5	105	12	59	0	60	7	79	2	51	5	137	25	1	3746
211228	mitochondrion	334	34	431	32	111	15	104	8	176	19	9	2	25	3	87	3	33	6	36	1	55	7	59	2	54	14	48	5	12	1	34	3	423	54	309	33	60	11	79	1	194	34	118	14	25	2	83	8	67	3	61	6	45	7	50	3	57	10	69	12	41	3	99	21	1	3765
217634	mitochondrion	318	28	459	15	102	13	97	3	162	13	6	1	30	3	82	10	59	6	50	2	66	14	41	6	74	2	69	4	22	0	27	5	388	30	216	21	101	12	52	2	170	10	112	11	24	3	100	8	72	7	79	4	83	13	51	1	62	5	73	7	48	10	121	16	1	3701
224129	mitochondrion	264	76	323	69	106	26	87	5	107	34	7	2	32	9	71	27	82	23	83	17	57	28	40	10	46	26	65	9	21	1	27	4	295	52	201	35	80	36	85	2	131	49	81	25	24	5	77	20	83	10	88	11	77	35	63	8	45	21	50	28	46	18	101	52	1	3718
286706	mitochondrion	268	68	353	41	100	17	101	4	154	28	12	0	42	3	84	13	44	1	46	4	57	15	52	5	52	16	43	8	11	3	36	5	366	47	290	30	69	15	86	2	166	30	99	17	35	5	98	2	73	8	79	7	53	15	54	2	55	11	80	6	63	14	99	21	1	3683
343691	mitochondrion	265	70	288	60	90	29	86	14	127	37	11	2	29	8	86	16	113	20	80	21	53	35	41	16	57	28	53	19	10	5	34	13	308	44	175	43	87	35	81	4	143	39	51	29	43	6	77	3	96	18	85	22	91	50	38	9	44	29	56	13	52	11	115	49	1	3762
400682	mitochondrion	203	58	218	207	49	36	52	48	144	54	8	5	26	15	39	62	16	1	40	35	17	21	58	54	52	26	52	23	1	2	25	23	95	46	221	175	34	25	77	45	82	26	57	21	65	25	42	32	51	14	138	184	35	59	115	94	67	34	54	67	51	22	77	235	1	4035
400727	mitochondrion	314	30	357	70	131	16	55	15	119	17	9	4	31	11	87	17	88	10	62	11	73	3	49	7	69	9	54	20	28	1	26	2	280	32	165	37	87	16	54	9	115	22	85	14	57	14	76	14	123	9	87	26	153	19	53	9	67	9	59	25	78	26	82	43	1	3740
487148	mitochondrion	467	63	954	27	204	7	208	9	375	34	28	4	54	0	124	3	24	0	9	0	137	10	93	11	134	18	177	4	2	0	24	1	422	29	548	199	212	7	203	5	687	40	611	25	187	2	187	6	151	5	256	20	220	12	116	7	201	19	264	14	205	3	239	16	1	8323
543639	mitochondrion	362	56	366	23	100	18	125	5	115	21	10	1	30	8	75	9	52	6	31	3	69	17	32	4	52	10	46	6	13	3	21	4	445	29	301	25	63	7	65	3	190	25	135	10	23	10	67	3	61	4	47	4	56	6	49	3	47	10	73	7	34	15	80	26	1	3616
691883	mitochondrion	398	123	519	162	221	8	123	15	281	77	16	2	45	8	1	80	59	6	112	7	113	6	84	12	117	41	120	25	27	6	11	0	308	50	285	171	149	4	213	14	282	140	374	118	88	39	167	90	203	10	138	69	156	21	122	29	138	47	139	74	134	12	139	78	1	6826
1518534	mitochondrion	326	33	519	21	117	6	81	4	142	23	6	0	36	4	98	3	30	1	38	4	78	3	50	3	61	14	72	2	6	0	47	4	319	10	199	24	107	3	94	2	184	19	66	29	51	9	45	0	91	2	104	5	105	12	58	1	58	8	79	2	53	4	135	26	1	3736
6645	mitochondrion	293	43	357	88	97	30	96	14	162	12	8	3	60	2	80	17	45	24	65	1	65	14	39	5	60	18	48	10	17	0	32	2	314	53	231	58	52	17	60	1	154	27	79	21	51	4	61	21	107	5	90	22	55	10	44	11	64	10	56	26	76	9	107	37	1	3740
3055	mitochondrion	81	143	0	263	63	19	0	0	39	71	6	2	18	30	0	74	38	3	146	27	26	5	81	5	27	64	64	26	52	25	5	0	126	62	1	134	110	56	2	0	17	63	52	10	71	61	0	0	81	42	124	12	186	87	7	6	40	29	0	63	183	43	13	3	1	3087
3218	mitochondrion	690	217	545	260	270	99	165	72	336	92	24	8	143	63	10	224	247	61	163	88	183	98	132	48	225	57	360	86	153	71	147	32	565	147	314	301	231	131	158	59	345	120	535	159	206	115	153	60	264	86	234	123	330	127	201	79	257	93	327	104	264	111	258	73	1	11899
3483	mitochondrion	378	303	270	229	208	151	167	116	249	78	16	5	100	66	11	166	227	107	185	113	204	105	143	81	188	63	221	73	141	73	149	79	350	227	217	275	188	134	138	81	221	117	253	181	167	91	158	91	198	118	190	130	268	155	164	84	215	104	301	142	223	92	252	136	1	10326
3555	mitochondrion	1044	812	675	611	675	418	472	302	694	373	58	37	301	229	43	411	713	402	434	333	537	318	374	237	502	202	593	327	314	193	354	229	857	605	554	795	529	338	364	211	701	395	900	783	476	385	493	329	535	349	434	351	663	383	384	222	799	402	916	611	525	288	563	343	1	29700
3635	mitochondrion	356	274	249	210	175	144	143	126	211	76	14	9	90	59	10	147	213	102	138	91	192	113	146	83	197	59	204	70	145	69	146	85	309	205	219	239	158	122	118	85	207	110	280	184	138	95	177	86	170	115	173	127	229	123	136	76	203	103	289	130	201	88	219	131	1	9591
3649	mitochondrion	420	322	288	236	244	159	189	153	257	85	17	4	99	64	12	180	276	124	182	105	237	117	170	112	210	64	237	77	170	77	181	91	382	243	225	291	199	152	139	89	237	124	292	214	174	108	191	95	207	137	199	155	286	170	175	89	246	115	318	143	246	105	282	137	1	11324
3659	mitochondrion	402	333	261	228	232	185	208	120	253	81	17	3	78	58	13	161	260	148	168	104	231	121	156	89	210	69	234	80	146	67	153	89	353	249	220	278	194	147	128	83	229	92	273	210	177	103	193	92	168	150	174	144	271	156	170	84	232	101	301	158	248	100	278	135	1	10849
3663	mitochondrion	386	314	258	237	221	168	188	132	249	83	18	4	90	60	12	162	239	126	173	109	216	125	159	87	200	65	235	77	154	71	153	85	358	252	217	278	202	143	137	87	227	109	279	183	167	100	192	92	198	138	181	145	267	158	170	79	237	110	289	149	234	103	269	142	1	10748
3702	mitochondrion	424	303	301	216	210	139	159	128	246	82	18	4	99	58	10	164	240	116	168	113	208	104	149	87	204	54	231	73	134	61	140	75	357	219	228	286	191	135	125	84	236	104	274	175	166	105	151	90	187	125	196	140	284	156	163	87	223	106	281	136	242	96	263	127	1	10456
3708	mitochondrion	1429	1101	905	812	834	533	583	396	914	369	67	37	351	273	60	573	827	534	617	435	712	423	546	304	636	258	763	345	417	259	443	316	1153	764	775	969	610	422	435	274	941	410	1016	707	581	374	603	405	635	442	586	498	841	551	543	301	936	434	1064	650	729	349	811	476	2	37357
3726	mitochondrion	415	300	284	221	214	147	160	126	247	78	17	6	95	58	11	166	229	118	172	105	209	101	151	89	203	53	231	72	140	59	148	74	349	217	222	281	191	134	125	86	228	101	293	181	173	103	161	89	183	127	195	137	288	160	164	92	227	103	293	145	245	91	263	132	1	10478
3750	mitochondrion	366	273	260	215	200	145	171	129	231	72	14	8	83	53	11	146	218	105	153	94	192	122	150	92	178	56	210	70	132	70	142	76	353	219	208	272	162	135	125	74	222	103	234	153	153	94	141	75	197	110	188	138	243	155	157	78	221	100	278	127	227	100	242	122	1	9843
3847	mitochondrion	605	505	446	343	404	345	352	230	407	151	30	17	179	155	40	273	470	267	317	223	391	226	267	153	289	145	389	224	194	149	245	167	528	355	351	462	307	233	235	116	371	211	494	316	265	213	303	209	324	253	278	256	429	295	273	159	385	234	507	263	365	182	408	277	1	18455
3848	mitochondrion	617	478	427	358	390	339	332	244	402	151	30	22	182	130	36	264	486	262	303	214	391	229	273	161	286	153	388	211	199	155	259	170	508	371	338	465	286	229	240	118	390	230	513	329	266	208	316	216	305	240	262	274	404	295	267	161	393	239	528	292	356	189	412	283	1	18465
3880	mitochondrion	363	260	257	200	195	133	168	125	232	73	16	4	89	49	10	137	211	102	157	99	191	110	140	81	169	59	189	64	131	63	147	82	322	196	227	251	158	127	130	69	208	101	238	158	148	89	154	78	182	111	173	131	228	143	162	74	202	93	259	118	216	89	244	116	1	9501
3914	mitochondrion	266	218	202	154	153	115	139	91	177	62	12	6	74	32	8	113	162	77	125	82	159	90	108	69	148	52	166	54	104	58	116	63	256	171	170	204	126	107	112	52	164	91	212	131	122	74	140	67	154	90	134	110	174	124	131	72	170	80	224	97	176	82	209	90	1	7771
157791	mitochondrion	361	278	252	204	203	145	179	124	220	76	13	6	88	47	11	141	214	104	159	99	198	113	138	82	174	58	192	64	130	71	147	76	318	204	218	266	161	126	137	70	208	103	252	165	151	87	156	76	185	117	167	138	237	149	159	78	207	94	273	119	219	94	250	113	1	9664
4072	mitochondrion	1231	958	805	835	915	600	618	435	797	344	64	70	368	287	58	599	994	554	609	411	737	426	535	351	629	331	805	406	421	248	505	310	1088	688	710	890	681	485	470	262	902	429	1050	774	597	393	693	475	668	392	588	435	804	512	534	279	921	426	1164	674	729	369	893	487	1	37718
4081	mitochondrion	367	308	233	206	216	156	184	138	230	76	19	10	93	64	10	153	232	121	149	103	198	108	157	102	204	65	222	79	154	73	171	85	332	215	233	253	180	136	145	84	235	124	313	235	171	109	208	117	191	119	176	143	228	144	158	85	225	115	329	149	238	97	270	154	1	10597
4097	mitochondrion	917	787	560	586	631	482	477	329	562	244	60	49	269	237	47	399	704	403	469	332	545	372	414	269	437	227	588	309	290	197	382	266	802	543	538	690	435	362	371	202	580	310	728	628	411	334	500	397	467	301	398	342	557	418	387	256	602	310	809	509	465	284	620	400	1	27796
4155	mitochondrion	465	312	297	267	262	177	214	146	285	82	18	9	109	67	12	171	261	140	199	109	224	116	174	99	209	76	263	86	156	78	170	93	395	257	251	300	200	156	156	86	270	140	337	210	197	102	204	99	220	139	204	146	284	157	169	91	266	124	337	153	249	112	296	151	1	11804
4232	mitochondrion	273	208	187	147	163	109	132	89	172	61	13	6	62	38	7	106	174	93	108	74	148	88	120	71	152	50	153	64	89	57	108	63	243	156	161	194	134	99	101	50	156	88	187	146	126	83	131	69	134	98	126	103	195	105	103	58	148	92	229	98	153	74	179	116	1	7520
4558	mitochondrion	402	279	278	212	199	155	186	118	239	80	14	10	88	61	7	158	231	132	160	103	189	128	177	79	195	57	229	67	145	59	139	82	359	221	237	272	186	137	130	85	235	114	273	186	164	101	172	98	198	122	184	150	266	148	166	92	229	100	310	139	230	100	255	139	1	10456
381124	mitochondrion	1047	802	724	621	673	464	530	358	778	402	54	46	350	257	62	465	726	488	558	402	561	397	517	280	515	285	721	321	355	233	399	266	924	642	708	874	545	397	405	272	793	406	1044	787	537	360	589	415	548	356	509	429	700	451	488	298	901	378	964	589	574	337	640	475	1	32992
29760	mitochondrion	526	407	384	338	355	218	274	187	401	134	35	17	162	77	22	224	346	161	244	145	330	178	250	145	283	106	368	140	260	110	260	134	586	330	374	437	328	207	212	120	424	169	468	306	249	147	306	148	306	166	320	195	427	223	274	129	421	161	513	219	380	149	384	194	1	16493
35883	mitochondrion	341	251	234	175	200	122	161	114	226	70	15	5	84	47	10	130	192	98	151	86	168	94	139	77	161	54	196	67	122	60	137	66	308	201	195	239	159	122	113	57	198	104	245	162	157	83	161	73	175	99	167	115	218	136	146	68	207	94	254	126	205	78	237	103	1	9058
39947	mitochondrion	547	395	328	350	285	245	268	191	311	141	49	48	137	131	49	272	355	205	222	181	244	198	243	130	262	115	323	156	168	103	201	134	460	293	307	372	256	195	180	123	341	187	366	276	214	166	269	176	278	178	225	194	355	190	221	149	352	175	426	222	267	156	340	225	1	15121
41875	mitochondrion	644	165	447	193	196	63	118	77	205	129	30	9	69	43	2	166	303	154	68	90	153	58	109	68	133	100	343	90	107	41	82	23	447	132	7	264	156	117	170	108	179	123	448	93	160	72	76	17	304	100	138	140	215	103	164	156	164	70	271	93	289	70	112	143	1	9579
42345	mitochondrion	422	327	266	277	275	203	224	177	286	102	23	10	112	82	10	174	267	145	174	115	261	151	228	131	230	86	262	92	179	95	197	126	391	270	271	340	208	160	164	101	276	127	325	274	201	139	223	126	232	151	216	189	322	183	207	108	292	142	351	180	282	110	320	161	1	12751
43335	mitochondrion	468	390	326	284	312	197	212	152	310	116	27	15	133	93	12	214	321	188	234	168	266	155	186	111	235	85	263	116	149	85	182	119	410	254	263	343	226	176	165	111	272	152	373	299	229	149	252	133	229	174	227	171	326	196	210	90	287	153	365	196	273	136	311	175	1	13450
70448	mitochondrion	614	224	517	120	158	60	166	60	270	106	35	2	143	26	6	152	352	184	71	83	112	26	205	53	157	117	406	89	95	24	78	4	498	169	4	291	127	76	317	76	196	115	472	85	194	31	119	19	280	150	164	177	209	91	272	97	206	79	265	67	194	43	244	124	1	10166
71139	mitochondrion	390	300	267	242	240	177	188	144	250	89	17	7	92	62	14	153	252	116	173	107	208	117	165	98	196	63	217	72	138	64	159	91	362	243	233	283	198	134	129	85	235	108	276	196	178	95	169	104	193	128	191	138	263	162	180	79	238	108	321	151	218	105	258	138	1	10767
79200	mitochondrion	658	508	447	403	435	301	315	237	411	160	37	21	184	132	32	289	473	249	303	226	396	252	316	212	343	139	387	152	215	145	264	178	559	393	400	496	328	264	233	168	397	275	557	362	295	226	325	226	338	224	349	264	436	293	319	186	416	227	535	323	400	231	438	281	1	19584
3712	mitochondrion	625	492	371	355	357	241	251	186	350	150	32	19	154	125	26	260	365	244	259	191	307	191	240	146	285	109	328	153	188	122	210	142	476	326	310	417	263	202	186	135	336	167	389	313	250	179	269	183	282	197	253	229	386	254	247	138	351	182	401	252	329	172	367	221	1	16136
145388	mitochondrion	149	80	110	185	76	27	14	3	80	41	8	6	36	30	3	122	109	39	95	90	65	31	55	15	49	43	75	33	34	26	27	7	96	51	5	128	69	68	52	15	37	46	66	15	83	80	14	7	111	53	60	93	118	96	106	65	42	42	47	42	90	38	91	51	1	3740
210225	mitochondrion	395	319	241	254	266	200	208	169	242	79	20	12	99	64	9	156	262	144	146	123	247	154	213	130	235	72	258	95	175	89	186	116	377	268	209	312	192	161	156	103	252	130	299	203	187	125	205	101	225	149	195	166	294	168	196	94	265	119	338	156	261	120	301	159	1	11864
296587	mitochondrion	598	126	642	43	170	23	190	35	293	72	34	5	131	13	0	161	330	57	90	31	147	14	198	23	224	59	362	60	187	14	63	1	537	81	124	355	130	55	359	23	243	63	421	66	217	30	41	1	307	42	337	88	289	27	302	34	208	33	268	34	249	26	246	58	1	9690
5821	mitochondrion	76	25	138	0	34	1	34	0	51	12	2	1	18	2	0	22	10	0	14	0	13	1	26	0	25	6	21	0	3	0	1	0	58	3	69	26	29	2	42	0	37	8	17	0	23	4	17	0	33	1	31	0	21	0	25	0	16	4	19	5	31	1	39	1	1	1098
5849	mitochondrion	77	24	138	0	32	3	35	0	56	8	3	0	18	1	1	22	16	0	12	0	19	1	22	0	28	5	21	0	5	0	0	0	64	3	55	29	34	1	40	0	36	5	17	0	24	4	17	0	24	0	33	1	25	1	26	0	15	4	24	2	45	1	26	2	1	1105
5850	mitochondrion	87	19	142	3	39	1	28	0	49	15	3	0	16	3	0	22	13	0	9	0	17	1	24	0	32	1	19	0	5	0	0	0	62	4	69	27	25	0	48	0	39	3	16	0	29	3	17	0	21	3	29	1	18	0	27	0	17	1	24	1	35	0	36	2	1	1105
126793	mitochondrion	87	18	142	1	40	1	29	0	54	10	3	0	16	2	0	22	14	0	10	0	18	1	23	0	32	2	18	1	5	0	1	0	63	6	69	29	24	1	49	1	40	4	18	0	30	2	17	1	25	1	30	2	16	0	31	0	17	1	24	1	39	0	33	1	1	1125
5861	mitochondrion	67	29	131	0	31	1	32	0	47	11	2	1	19	0	0	21	10	0	12	0	13	1	26	0	26	4	21	0	2	0	1	0	57	7	65	27	28	3	39	1	33	6	16	0	26	2	15	0	30	3	35	0	21	0	24	0	17	3	19	3	32	1	35	2	1	1058
5874	mitochondrion	85	19	77	41	27	4	24	9	46	4	3	0	9	0	1	22	29	3	8	3	14	0	18	1	24	6	17	2	4	0	1	0	53	3	61	46	25	2	35	0	38	8	20	5	15	7	20	0	55	4	30	9	22	3	20	0	22	6	26	6	30	2	47	5	1	1126
31271	mitochondrion	76	20	130	0	29	1	31	0	50	8	2	1	16	1	0	21	9	0	15	0	16	1	23	0	25	7	19	0	3	0	0	0	56	5	65	29	31	2	42	1	31	8	15	0	27	3	17	0	25	2	38	0	22	0	24	0	16	3	21	2	37	0	30	2	1	1058
54757	mitochondrion	63	25	117	1	25	3	25	0	42	10	2	1	17	1	0	21	10	0	16	0	13	2	23	0	27	3	19	0	3	0	0	0	56	5	55	27	26	3	39	0	29	6	13	0	24	3	15	0	30	3	29	0	19	0	23	0	16	3	20	1	31	0	30	5	1	980
77519	mitochondrion	88	16	150	0	35	1	34	0	60	5	3	0	17	1	0	22	14	0	6	0	15	1	26	0	32	1	19	0	5	0	0	0	62	5	75	29	22	1	49	1	40	4	17	0	29	2	17	0	21	0	32	0	17	0	29	1	17	1	24	1	37	0	34	1	1	1119
44689	mitochondrion	578	64	1285	50	59	29	191	40	666	41	32	8	109	5	2	126	51	3	114	20	61	15	231	17	172	15	415	49	34	1	168	6	403	141	886	368	101	63	443	68	676	114	1323	174	347	43	430	20	139	48	634	59	97	36	403	64	314	44	628	107	126	25	577	37	1	13595
464988	mitochondrion	682	139	745	183	143	22	226	66	347	73	37	4	133	22	3	135	204	41	101	29	156	19	132	31	159	32	246	46	92	21	99	36	635	104	238	254	182	29	262	59	350	109	599	91	195	33	120	23	337	41	222	70	201	37	238	66	246	40	319	85	318	42	141	92	1	10182
484906	mitochondrion	61	33	77	29	28	5	32	4	41	9	3	0	18	1	0	24	27	1	21	0	20	0	15	0	21	6	15	1	4	0	0	0	38	5	64	48	29	0	27	1	28	11	3	10	26	3	18	5	43	7	28	5	28	1	18	0	26	2	21	2	34	0	42	2	1	1071
695850	mitochondrion	661	66	1009	8	198	2	175	17	376	31	31	1	77	2	1	103	46	0	24	0	164	0	88	4	128	33	246	7	70	3	18	0	654	39	375	190	294	15	102	0	586	38	723	6	152	7	152	1	195	2	195	9	222	9	118	6	205	11	278	7	340	2	104	7	1	8633
1133968	mitochondrion	26	26	55	23	19	9	18	3	40	31	1	2	15	4	1	16	20	8	55	15	11	2	20	0	20	6	10	10	0	0	2	0	31	19	59	33	27	6	42	3	24	22	7	6	33	14	16	5	19	10	47	16	19	5	26	3	24	4	12	10	31	8	23	1	1	1073
1537102	mitochondrion	78	22	91	33	36	7	17	1	36	8	3	0	8	4	0	19	14	2	14	1	23	1	8	3	17	9	13	4	1	0	0	0	47	2	53	43	29	5	18	2	29	9	22	5	24	7	23	4	31	10	30	7	21	3	7	1	16	7	20	0	27	4	31	11	1	1021
9258	mitochondrion	134	101	186	29	58	55	109	9	78	52	7	3	16	10	101	5	122	99	200	24	60	60	71	4	46	60	80	10	11	15	34	4	229	112	151	38	94	87	130	11	72	73	79	9	21	25	0	1	64	39	63	17	80	87	67	3	46	26	76	19	57	45	93	31	1	3798
9305	mitochondrion	113	127	154	22	83	55	77	3	81	51	6	2	12	23	94	14	104	87	230	20	71	42	83	2	42	58	80	8	5	12	45	3	211	149	191	32	73	98	136	9	72	80	83	4	15	32	1	0	43	28	78	21	93	70	80	5	29	36	82	14	57	68	81	15	1	3795
9337	mitochondrion	89	148	113	15	41	69	142	3	63	70	6	3	14	16	100	4	79	77	302	13	31	41	117	2	43	63	92	1	11	11	43	1	156	207	195	27	61	99	153	2	52	110	89	4	22	21	2	0	36	25	89	13	41	121	81	2	32	36	84	8	37	68	96	12	1	3804
9361	mitochondrion	90	134	124	17	31	57	130	4	63	74	7	2	9	17	94	10	59	72	298	32	31	45	121	4	24	76	78	7	13	12	41	2	178	164	227	38	40	82	195	8	34	110	87	11	13	37	1	0	34	29	95	14	34	100	104	8	19	48	76	14	35	77	84	25	1	3799
9365	mitochondrion	174	74	238	13	89	29	113	9	119	35	9	1	17	12	97	5	103	35	182	13	73	54	45	5	52	48	71	8	18	10	30	4	311	79	239	38	87	39	125	10	118	49	94	11	26	39	1	0	55	19	78	10	76	68	76	5	45	24	77	17	63	42	75	22	1	3803
9371	mitochondrion	144	98	184	27	74	52	114	6	81	58	7	0	14	10	84	18	130	66	186	32	75	56	61	5	53	37	71	4	18	11	35	5	242	124	195	40	88	76	97	10	84	77	81	11	28	37	1	0	66	29	63	14	85	75	80	5	29	38	71	23	60	51	69	31	1	3796
9402	mitochondrion	74	153	81	18	39	77	106	15	67	74	7	1	6	17	95	9	57	79	305	71	23	46	117	9	25	68	75	15	6	13	39	5	139	170	181	62	40	100	154	19	42	111	84	14	19	38	0	1	38	43	100	24	41	107	84	17	15	53	66	29	28	62	91	35	1	3799
9417	mitochondrion	133	95	162	13	76	62	83	3	87	51	9	1	13	11	102	3	101	96	237	12	50	66	83	1	44	53	76	7	12	15	38	2	212	113	218	26	106	78	144	7	84	64	78	14	27	28	1	0	46	35	98	9	84	80	81	1	38	28	76	16	46	58	93	20	1	3806
9430	mitochondrion	55	151	42	24	43	104	65	8	34	90	8	2	5	19	93	14	37	166	281	82	32	111	57	12	16	88	65	23	5	20	38	5	82	176	138	72	49	179	148	17	17	122	66	25	10	39	1	0	33	65	62	40	30	155	81	14	13	57	56	33	19	94	62	50	1	3800
9483	mitochondrion	103	135	109	19	42	80	101	8	62	79	3	3	10	13	91	14	80	72	280	35	43	63	92	6	33	65	88	6	3	13	42	4	161	167	195	54	61	122	166	13	56	102	80	11	15	39	0	0	28	26	73	22	53	96	102	3	20	46	71	19	31	73	64	36	1	3802
9541	mitochondrion	81	134	78	19	50	79	77	7	49	83	5	0	11	16	93	11	76	141	274	38	35	106	69	7	24	74	94	4	10	22	26	7	119	208	190	38	63	138	169	14	39	128	82	7	15	43	0	1	37	37	61	18	53	114	69	5	24	40	66	17	37	80	65	25	1	3802
9544	mitochondrion	72	144	75	12	48	74	74	10	49	80	6	1	6	22	89	14	84	137	290	33	33	110	68	7	23	76	89	8	10	23	28	6	136	191	175	49	61	148	169	15	39	128	86	7	14	44	0	1	35	38	57	18	45	117	77	5	26	39	66	19	38	76	60	32	1	3812
9555	mitochondrion	92	124	85	12	44	82	81	6	44	85	5	1	6	17	81	22	68	142	262	53	40	95	78	7	21	85	86	13	6	25	27	4	116	203	188	38	62	149	169	15	38	132	82	12	15	42	0	1	37	39	51	21	37	123	72	12	17	51	68	15	39	77	55	36	1	3811
9565	mitochondrion	81	132	86	15	48	83	84	4	56	79	4	1	6	19	88	14	59	153	263	43	37	99	77	5	27	72	94	7	7	23	26	4	127	200	192	36	59	155	163	11	45	128	86	6	12	42	1	0	40	42	51	19	31	120	75	8	23	42	62	22	32	86	66	22	1	3800
9595	mitochondrion	87	134	86	15	36	95	82	6	56	80	4	3	7	15	92	13	68	156	278	44	45	114	51	4	20	80	85	8	10	22	26	5	123	196	167	40	55	150	138	6	48	119	86	8	11	38	0	1	28	48	64	27	51	126	73	6	24	40	70	19	40	77	61	34	1	3801
9597	mitochondrion	76	142	80	17	35	90	89	8	50	89	4	3	5	17	92	13	64	167	286	30	44	112	61	2	21	72	86	6	8	25	26	4	139	175	172	34	58	153	141	11	51	114	87	6	14	42	1	1	38	49	73	14	39	125	69	8	14	51	72	17	32	80	74	24	1	3802
9598	mitochondrion	83	133	82	13	33	94	83	12	53	88	4	3	4	16	93	12	66	161	283	41	40	122	54	3	19	74	85	8	8	26	27	3	136	183	165	38	60	154	139	9	52	109	88	5	11	45	1	1	34	48	67	16	43	120	76	8	19	47	68	19	32	83	68	32	1	3802
9601	mitochondrion	55	148	69	18	36	92	88	4	33	99	4	2	6	15	88	16	53	182	293	46	28	126	72	4	20	86	75	13	4	27	29	4	107	226	151	35	52	166	131	13	34	116	87	7	7	52	0	1	16	58	63	22	47	130	72	8	10	56	67	21	26	92	67	26	1	3801
9606	mitochondrion	78	139	73	18	32	101	84	7	46	90	3	2	5	17	93	12	65	167	276	45	41	119	52	7	18	79	82	8	7	26	28	2	124	196	167	40	52	155	134	10	32	132	85	10	14	39	1	1	31	48	70	18	43	124	80	8	15	51	64	24	24	87	67	34	1	3802
9615	mitochondrion	108	128	117	28	68	74	79	12	69	75	7	0	4	23	95	10	96	90	230	33	64	62	60	7	38	57	68	21	6	10	45	4	174	168	201	47	75	90	120	18	66	91	81	19	18	32	1	0	49	27	85	24	63	86	89	14	28	41	73	21	44	51	93	28	1	3805
9627	mitochondrion	93	135	92	29	65	69	88	13	59	76	8	2	6	19	90	14	82	93	232	61	51	68	67	8	29	75	74	15	10	7	40	8	186	150	190	61	81	99	106	12	62	83	83	19	22	33	1	0	44	44	76	25	59	96	96	15	26	49	65	29	42	50	83	40	1	3805
9646	mitochondrion	144	96	126	15	68	55	85	8	78	54	8	0	16	11	91	15	97	62	248	50	70	43	73	11	53	48	75	13	3	8	49	4	208	110	187	54	82	70	143	15	77	74	78	22	32	27	1	0	48	40	99	22	66	85	100	9	38	30	72	28	33	43	104	34	1	3808
9668	mitochondrion	102	134	128	23	51	68	103	4	52	80	8	0	12	15	87	18	74	72	270	40	43	65	79	6	22	75	82	6	6	16	38	4	155	177	199	49	81	82	144	14	56	94	94	8	19	39	1	0	33	41	93	15	55	102	90	7	22	45	80	17	30	48	103	34	1	3810
9685	mitochondrion	108	118	109	17	33	73	113	8	66	76	9	1	11	14	92	12	59	97	273	42	57	59	72	7	31	63	84	7	6	9	45	7	151	179	182	68	72	101	124	14	56	94	89	14	18	34	1	0	33	38	95	21	51	116	84	8	29	39	76	23	33	57	97	30	1	3805
9691	mitochondrion	108	125	93	21	38	74	104	13	73	64	7	2	9	16	83	22	65	100	258	50	42	86	62	7	31	67	71	19	6	13	42	5	163	161	188	54	75	91	128	16	51	94	93	10	18	40	1	0	33	50	94	25	63	108	82	7	29	38	69	29	37	56	89	36	1	3804
9696	mitochondrion	112	118	112	21	40	60	117	9	72	70	9	0	10	15	92	12	61	92	264	40	44	74	69	7	35	62	82	10	7	10	44	4	161	171	204	50	67	107	137	9	58	99	91	13	12	37	1	0	33	33	94	22	41	121	81	10	28	36	78	20	44	49	96	28	1	3805
9704	mitochondrion	81	147	93	15	42	66	111	12	61	64	6	2	3	21	93	11	61	82	315	39	44	77	77	2	35	67	78	7	8	8	44	4	143	180	200	53	60	110	147	16	62	89	88	11	17	39	1	0	25	32	101	21	51	97	85	17	19	51	76	22	34	54	112	18	1	3807
62698	mitochondrion	99	128	104	28	50	61	116	12	66	65	7	1	8	19	92	12	50	103	252	61	61	54	66	11	28	73	72	14	7	11	38	7	148	159	209	51	72	109	132	20	55	92	80	23	21	34	1	0	35	38	87	30	53	96	86	16	26	44	70	25	37	47	105	29	1	3806
9713	mitochondrion	89	143	86	13	43	65	116	7	44	93	9	1	9	16	100	4	61	87	320	26	42	81	74	1	22	76	80	9	5	10	47	2	119	221	217	30	55	107	147	12	49	104	91	10	15	38	1	0	33	24	104	14	45	91	105	9	22	48	84	14	37	43	121	14	1	3805
9715	mitochondrion	99	135	108	13	45	62	116	7	52	79	9	1	8	16	99	4	73	78	302	25	54	68	73	0	39	60	81	7	3	11	48	2	168	167	222	34	60	105	145	10	56	94	90	9	16	37	1	0	40	30	98	13	49	89	101	6	26	47	86	12	35	47	119	16	1	3805
9720	mitochondrion	69	163	68	20	35	74	107	10	50	84	8	1	8	16	92	13	57	95	297	58	42	81	68	7	36	64	72	14	5	13	43	4	131	203	192	57	51	107	137	22	40	107	89	12	17	42	1	0	26	44	90	28	46	98	100	8	26	46	74	25	36	48	109	22	1	3808
9731	mitochondrion	109	135	125	13	50	69	86	3	72	58	7	1	12	10	100	5	99	100	281	22	51	76	71	2	30	65	90	7	13	13	37	1	149	170	198	37	78	91	176	4	67	90	90	10	16	38	2	0	32	40	73	16	66	83	95	3	25	44	76	14	41	63	87	17	1	3804
9733	mitochondrion	105	140	121	14	52	63	87	5	69	55	8	0	11	12	99	7	85	115	280	23	54	75	71	3	30	71	91	6	11	13	38	1	132	172	194	39	78	106	175	8	59	95	91	10	19	39	2	0	38	31	79	16	61	81	92	5	19	47	70	19	43	63	86	18	1	3802
9739	mitochondrion	106	142	131	17	53	65	86	3	65	64	8	0	8	15	99	6	85	103	287	12	70	59	66	6	34	62	89	6	11	13	38	2	151	168	202	36	66	90	167	7	61	97	92	6	15	37	2	0	39	42	74	14	74	78	95	6	24	46	77	14	43	65	90	14	1	3803
9749	mitochondrion	86	155	123	13	49	76	80	10	51	73	7	1	11	10	98	8	71	127	287	21	69	65	68	2	27	75	92	5	9	13	40	2	138	177	185	35	58	117	180	5	39	119	87	9	15	44	2	0	29	39	78	23	46	99	92	3	20	44	76	16	38	69	83	17	1	3806
9755	mitochondrion	75	162	63	27	39	85	81	8	52	75	7	1	6	19	95	12	62	150	287	37	39	103	62	2	24	75	86	11	5	13	43	3	89	209	203	34	42	151	177	8	44	115	78	16	12	38	2	0	37	54	69	13	38	104	86	4	14	51	67	23	36	73	80	27	1	3803
9771	mitochondrion	79	159	104	10	30	81	93	3	59	67	7	2	8	16	96	10	72	122	304	16	59	73	76	0	28	70	88	5	8	16	41	2	141	178	181	37	61	94	165	12	45	111	86	11	20	38	2	0	37	46	90	17	41	112	97	3	24	44	80	13	35	75	91	12	1	3803
9785	mitochondrion	120	101	114	26	66	58	95	6	73	71	4	3	10	13	92	11	100	78	272	31	50	43	94	8	45	55	77	7	8	12	45	3	183	135	213	43	95	102	133	10	68	89	70	28	28	27	1	1	43	36	83	14	72	75	83	2	33	32	81	17	45	54	87	29	1	3803
9793	mitochondrion	78	159	67	18	33	76	119	11	51	78	8	1	4	19	97	8	71	137	286	36	35	71	81	4	26	76	80	12	6	20	38	2	125	227	184	43	53	106	133	17	39	114	88	9	12	50	1	0	35	44	74	25	53	103	79	6	19	46	80	17	31	60	94	29	1	3804
9796	mitochondrion	77	162	61	21	36	73	122	9	47	81	6	3	5	18	97	8	68	140	284	38	37	70	76	8	22	81	83	8	7	17	38	3	132	207	185	45	57	103	144	11	40	109	87	10	12	53	1	0	30	52	81	24	53	103	74	7	25	40	77	20	22	63	99	30	1	3802
9798	mitochondrion	79	161	60	21	36	72	123	10	46	82	7	1	5	18	97	8	67	141	286	37	37	71	76	7	22	81	83	8	8	16	37	3	131	208	186	44	55	104	145	11	40	108	87	9	10	56	1	0	31	54	77	26	52	102	76	5	26	40	77	21	21	64	101	28	1	3802
9823	mitochondrion	90	141	92	18	30	75	119	4	62	78	6	1	8	17	101	4	52	69	309	39	30	64	93	3	22	79	84	3	6	11	48	0	158	179	223	40	50	83	176	5	43	115	95	5	11	43	1	0	31	21	116	14	43	93	118	3	22	43	88	13	36	51	103	27	1	3807
9837	mitochondrion	110	127	97	28	56	77	72	9	74	63	7	1	11	14	92	13	73	94	233	68	53	83	42	18	27	66	70	20	9	12	39	8	181	132	180	76	61	91	128	35	62	90	78	18	11	43	1	0	45	51	75	35	46	117	87	13	30	38	59	37	26	67	94	33	1	3806
9838	mitochondrion	114	122	96	31	54	76	74	6	68	70	6	1	10	15	88	16	71	99	234	63	55	84	52	9	31	62	69	21	11	10	39	7	179	130	176	70	63	94	133	32	53	92	76	20	18	43	1	0	41	60	87	27	51	114	83	14	29	41	69	27	23	71	83	41	1	3805
9874	mitochondrion	144	103	153	16	75	37	102	6	78	49	9	0	7	19	97	7	84	73	228	26	48	49	91	2	36	56	83	10	8	12	41	2	228	104	219	41	69	74	164	3	82	84	88	6	19	39	1	0	50	37	90	16	54	76	105	4	31	34	84	13	35	57	97	25	1	3780
9913	mitochondrion	108	134	110	17	51	65	99	5	64	76	7	0	6	16	93	12	62	94	283	29	42	63	85	3	30	63	79	8	7	11	42	3	165	160	216	45	44	96	154	16	60	100	90	10	12	45	1	0	40	49	86	16	53	91	104	2	23	46	78	17	27	62	97	31	1	3803
9915	mitochondrion	112	129	112	16	51	66	98	7	61	76	8	0	4	18	92	13	64	94	281	30	43	64	82	4	33	61	79	8	7	11	42	3	163	162	218	43	45	91	161	11	57	103	89	11	15	42	1	0	41	47	88	15	52	93	105	1	24	44	79	16	28	62	98	30	1	3804
9925	mitochondrion	110	134	108	10	46	58	103	10	69	63	7	1	6	17	100	5	75	108	276	23	32	73	87	1	30	67	80	8	9	12	39	4	185	149	215	42	54	91	169	9	52	110	90	7	17	38	1	0	43	40	83	13	46	86	107	6	22	46	77	19	33	52	104	26	1	3803
9940	mitochondrion	115	131	84	11	46	57	109	3	76	54	6	0	5	18	102	3	72	111	295	23	36	70	85	4	32	64	77	11	7	13	37	7	189	155	209	50	45	97	167	15	60	104	86	11	11	44	1	0	45	34	85	13	48	85	100	6	25	44	83	11	37	56	99	25	1	3804
9974	mitochondrion	51	166	36	14	42	84	80	10	20	105	5	0	5	22	89	18	38	108	320	72	24	98	67	5	9	98	73	11	6	15	38	4	73	223	191	64	28	124	176	11	22	141	84	11	11	47	2	0	31	42	89	45	32	117	117	10	14	54	69	26	24	65	89	37	1	3802
9986	mitochondrion	131	113	107	10	52	58	112	8	67	58	4	3	5	18	94	10	120	115	226	26	55	58	80	7	30	64	74	16	7	14	40	5	192	154	176	49	80	92	122	13	62	95	81	9	21	35	0	1	43	52	79	19	65	107	73	10	30	40	72	23	32	67	81	38	1	3800
10029	mitochondrion	127	114	164	20	70	35	140	4	74	55	9	0	14	18	98	4	104	47	234	11	46	21	123	2	41	59	77	4	12	8	40	4	227	132	201	41	99	51	150	7	91	70	98	9	16	31	0	0	43	17	99	18	88	57	91	4	44	29	73	20	47	37	110	23	1	3802
10036	mitochondrion	139	96	164	12	65	48	124	6	86	46	7	1	16	17	94	9	127	56	230	12	68	51	67	5	53	43	72	8	8	13	41	1	226	137	198	30	97	41	159	7	72	91	97	9	27	30	0	0	54	28	84	12	89	59	88	5	40	30	75	17	43	49	96	27	1	3802
10041	mitochondrion	112	123	132	16	49	57	135	4	61	64	7	2	11	20	95	8	59	56	307	24	37	33	131	3	20	70	73	8	6	13	45	1	198	153	192	36	62	81	168	5	55	121	95	7	16	38	0	0	38	20	105	23	53	88	87	6	31	38	78	17	30	30	116	34	1	3803
10047	mitochondrion	152	110	160	17	66	62	101	7	74	53	9	0	12	16	90	12	115	73	211	22	55	40	98	7	49	45	76	6	7	9	47	1	225	127	193	38	88	76	140	11	87	73	90	11	18	46	0	0	44	28	78	21	69	74	82	6	34	33	73	23	39	35	87	47	1	3798
10089	mitochondrion	152	95	169	14	57	54	131	5	72	56	8	0	9	19	94	11	105	55	227	23	41	31	119	5	42	54	78	7	11	13	36	4	262	122	202	34	74	62	159	10	76	85	92	9	22	35	0	0	52	21	73	15	66	61	95	4	41	35	79	13	45	40	93	31	1	3805
10090	mitochondrion	110	133	129	15	42	48	147	4	65	60	8	2	10	18	97	7	87	64	266	27	30	34	130	2	34	63	78	3	8	18	35	3	234	139	217	30	59	86	157	6	60	108	101	2	14	35	0	0	50	33	74	11	47	83	96	7	31	43	80	11	35	39	109	29	1	3803
10116	mitochondrion	94	141	119	16	44	78	122	2	56	73	9	2	11	18	103	2	70	105	276	11	37	58	98	5	35	65	81	5	8	14	39	3	192	182	194	30	62	88	162	6	56	112	93	6	13	43	0	0	25	39	83	12	50	100	81	5	25	45	80	13	20	57	96	35	1	3805
10117	mitochondrion	115	123	123	21	48	69	128	3	54	77	10	0	8	21	96	9	80	98	257	12	42	50	100	4	38	59	81	5	9	11	40	4	188	177	190	45	55	88	163	6	56	112	87	12	17	40	0	0	32	33	80	16	51	97	90	2	25	46	80	13	34	47	104	23	1	3804
10141	mitochondrion	98	136	184	25	54	70	121	8	76	64	5	3	12	16	79	27	79	73	201	48	54	41	82	11	32	67	76	10	9	13	38	4	176	162	194	45	64	87	134	17	67	87	84	11	18	38	1	1	52	30	73	18	66	82	97	7	29	41	73	23	39	55	86	30	1	3803
10160	mitochondrion	96	140	192	19	59	69	111	6	65	73	6	1	11	15	103	8	80	59	223	21	73	51	67	3	30	71	91	1	8	9	45	2	183	184	200	38	67	79	169	4	69	101	94	3	14	38	1	0	42	30	72	8	67	69	88	4	22	42	74	16	38	45	90	42	1	3801
10181	mitochondrion	72	155	79	19	40	101	117	10	35	108	6	2	10	16	91	15	39	93	310	43	37	85	71	6	21	80	77	13	2	10	51	3	110	229	220	47	32	107	146	16	30	129	92	9	13	49	0	0	24	40	74	18	27	107	93	4	14	53	77	15	28	45	110	27	1	3802
13616	mitochondrion	130	104	179	16	49	53	136	6	84	57	5	3	19	12	85	19	71	52	245	31	50	52	85	6	46	58	81	9	5	12	48	1	267	105	216	34	86	72	139	4	75	84	84	6	11	36	1	0	57	17	78	13	69	73	93	1	34	32	78	14	57	39	91	29	1	3804
27675	mitochondrion	82	139	73	16	27	84	104	13	39	80	6	3	7	21	91	13	51	142	296	46	29	70	106	7	21	86	82	5	4	26	36	1	123	198	185	48	44	160	148	17	32	127	86	6	14	36	0	1	25	24	88	25	29	108	85	11	21	42	72	18	27	71	103	21	1	3801
29073	mitochondrion	123	116	87	25	56	66	87	13	63	70	6	3	8	17	92	13	75	89	258	68	67	60	61	10	37	61	72	16	5	10	40	10	165	154	156	72	85	72	129	17	68	75	79	21	24	34	1	0	44	51	95	26	60	92	98	15	34	36	69	32	26	53	101	37	1	3805
29088	mitochondrion	76	150	98	18	48	57	106	8	50	90	8	1	10	13	97	8	68	90	308	21	57	62	74	3	25	71	80	8	10	7	44	3	163	166	235	31	70	93	148	12	58	97	89	13	22	30	1	0	32	34	93	12	56	88	95	6	30	39	79	18	30	50	119	14	1	3792
29139	mitochondrion	76	149	103	24	38	77	122	3	59	75	5	4	11	19	99	5	67	118	272	23	38	57	106	0	44	65	86	2	8	14	42	3	159	200	174	37	57	95	154	7	42	116	92	2	14	33	1	0	38	41	80	16	63	101	86	7	19	48	77	13	46	75	72	20	1	3799
30538	mitochondrion	122	109	97	15	55	70	80	8	68	73	7	2	9	15	90	15	68	93	279	46	43	84	61	10	28	65	78	15	6	16	39	4	167	151	195	58	70	89	142	19	73	71	83	18	24	38	1	0	43	60	84	15	52	103	88	9	31	42	66	28	33	63	91	30	1	3807
30608	mitochondrion	146	104	175	21	51	59	117	10	73	47	7	2	11	14	98	8	107	60	198	19	50	47	87	6	43	51	90	1	8	14	43	1	234	125	229	36	77	73	138	11	89	70	88	12	25	31	1	0	54	23	91	11	65	76	87	10	33	35	84	13	60	45	94	15	1	3803
32536	mitochondrion	112	117	111	17	43	57	118	8	74	69	8	0	6	18	93	12	66	86	267	39	53	67	74	5	34	61	82	8	6	11	48	2	171	161	215	44	71	98	136	12	65	91	93	9	18	32	1	0	40	37	94	19	57	104	80	4	27	38	77	22	39	58	97	23	1	3805
34839	mitochondrion	73	163	109	33	41	65	140	6	47	83	6	1	10	16	93	13	66	112	266	39	58	54	78	11	24	79	83	7	4	8	48	3	123	225	184	33	48	117	135	19	41	132	91	9	16	36	2	0	23	46	69	14	50	83	93	13	23	40	75	19	20	47	107	35	1	3807
34884	mitochondrion	84	144	111	13	44	65	105	14	69	62	5	2	9	17	92	12	59	81	287	55	40	79	74	5	33	68	81	6	4	12	42	5	139	187	210	51	60	105	134	23	63	84	85	14	13	43	1	0	35	26	102	16	43	110	82	18	30	40	73	22	35	49	113	23	1	3808
34886	mitochondrion	85	140	98	13	49	63	112	9	62	69	7	2	6	18	93	12	62	87	299	46	36	81	76	7	29	69	76	10	5	12	42	6	129	203	212	44	51	111	141	19	60	95	91	8	15	38	1	0	27	32	103	13	45	104	92	12	25	41	79	17	34	52	112	20	1	3807
35658	mitochondrion	127	117	128	15	55	62	147	5	48	75	7	1	8	21	98	8	96	66	249	19	48	35	110	2	38	67	77	5	6	8	45	5	228	166	206	28	51	59	179	4	46	120	100	1	21	31	0	0	32	30	91	11	59	79	84	4	30	45	78	13	35	55	109	12	1	3805
36723	mitochondrion	99	139	130	12	41	73	109	6	51	80	8	1	8	15	96	10	57	74	283	46	41	66	86	2	26	73	80	8	6	15	41	2	154	182	207	39	67	93	149	12	43	112	96	5	16	37	1	0	33	31	102	13	44	106	98	4	24	43	83	13	34	53	101	31	1	3810
37293	mitochondrion	129	110	122	9	54	71	101	5	86	55	6	0	10	10	100	4	104	69	269	30	38	84	79	5	46	53	88	5	10	14	37	1	226	111	233	26	86	88	151	8	76	76	79	17	15	41	0	1	48	21	67	15	54	106	84	6	30	38	72	19	38	74	72	22	1	3804
38626	mitochondrion	91	122	146	18	46	59	123	0	75	62	6	2	15	21	98	5	66	58	317	12	44	40	110	2	35	65	95	3	8	9	42	2	169	175	224	23	83	110	166	5	58	115	102	4	18	34	1	0	26	19	96	7	59	83	76	2	31	32	76	7	33	54	104	10	1	3799
39432	mitochondrion	100	121	91	16	48	75	104	5	54	88	5	3	10	12	94	11	93	113	277	23	45	73	81	8	34	67	82	10	6	18	33	4	168	158	208	50	76	110	160	10	61	91	84	10	20	41	0	0	30	38	62	17	58	90	83	8	26	38	75	15	38	64	74	29	1	3796
43179	mitochondrion	163	97	170	12	67	57	121	10	81	52	7	1	10	19	99	5	134	83	199	13	71	61	61	5	43	53	75	4	16	5	46	0	228	104	205	28	89	72	121	11	79	76	83	11	17	27	2	0	56	33	92	9	81	61	90	4	34	37	77	20	38	41	116	21	1	3803
9901	mitochondrion	112	134	111	14	55	62	100	4	62	73	8	0	5	17	94	10	64	93	281	30	33	70	85	3	30	67	81	6	7	11	43	2	172	156	222	42	47	87	163	14	55	108	91	8	15	38	1	0	37	43	89	17	51	91	102	4	27	42	79	16	31	60	107	21	1	3803
50954	mitochondrion	114	122	127	23	41	45	135	12	61	69	8	0	13	11	96	8	47	57	297	61	27	20	132	10	27	72	73	16	8	4	46	6	165	152	185	58	55	58	173	21	51	103	88	9	24	37	1	0	34	21	119	20	39	95	108	17	27	40	83	16	33	46	100	38	1	3804
51298	mitochondrion	143	93	187	20	80	41	97	1	88	56	6	1	8	14	90	13	83	43	233	41	66	47	77	5	48	48	84	2	12	9	45	0	241	95	226	35	110	67	136	8	90	64	88	5	25	34	1	0	52	31	84	19	79	57	94	7	33	30	85	13	47	42	107	19	1	3805
51337	mitochondrion	109	134	75	18	84	80	94	10	56	71	7	2	9	17	93	15	129	124	237	33	52	65	77	6	36	65	65	9	14	13	40	1	183	158	182	33	82	91	102	15	53	100	82	11	18	35	1	0	49	55	61	17	61	107	74	8	31	47	74	16	31	73	82	29	1	3801
54180	mitochondrion	132	90	147	19	60	70	85	2	83	52	6	0	5	19	88	15	90	103	245	30	52	77	72	4	46	59	78	13	12	17	31	3	229	108	189	43	76	127	136	8	99	79	83	7	18	34	1	0	46	35	69	17	60	87	86	5	29	34	68	18	47	67	75	16	1	3801
59534	mitochondrion	109	130	106	18	45	65	105	7	62	66	7	1	6	19	93	10	68	94	253	46	46	60	92	2	38	57	83	9	7	15	41	3	161	170	215	39	50	98	159	16	51	112	85	10	17	45	1	0	34	50	84	17	46	82	107	10	26	41	82	14	27	65	100	27	1	3804
61621	mitochondrion	127	98	147	19	58	65	90	2	88	49	6	1	8	14	91	11	90	93	245	22	61	68	80	4	34	64	83	10	11	20	30	2	232	112	225	31	73	119	134	8	103	75	81	9	17	37	0	1	57	25	80	8	71	66	81	7	32	30	68	18	47	67	63	29	1	3797
61622	mitochondrion	129	94	139	21	59	60	89	5	91	44	4	3	5	18	91	12	87	91	257	21	60	68	83	5	35	65	80	12	9	22	33	0	247	99	227	32	74	113	138	5	95	79	77	13	21	37	1	0	48	33	66	11	69	77	81	8	37	26	72	13	50	60	62	34	1	3797
61853	mitochondrion	68	141	60	21	31	106	77	8	43	87	4	1	8	14	89	16	58	162	297	49	39	101	71	6	22	83	78	13	7	25	28	6	108	207	152	46	42	149	149	10	39	121	86	9	11	47	0	2	29	56	64	21	40	142	77	10	10	55	67	24	27	91	71	21	1	3802
30521	mitochondrion	109	135	113	13	59	58	98	5	61	76	7	0	6	16	93	12	60	95	282	32	36	68	83	4	36	59	83	4	7	11	41	4	181	149	223	38	50	84	167	13	60	104	90	9	15	38	1	0	35	44	90	14	58	85	104	3	25	43	80	15	30	61	99	29	1	3803
9807	mitochondrion	87	155	78	20	31	67	126	12	46	83	7	2	6	16	94	10	71	112	294	29	39	59	92	7	23	81	82	8	5	15	42	1	143	197	192	37	51	103	161	13	37	116	91	9	15	47	1	0	41	36	78	23	49	100	88	5	14	49	73	21	38	59	92	27	1	3806
9694	mitochondrion	103	125	96	27	34	74	102	13	65	75	7	1	9	19	79	25	63	106	240	66	38	86	65	8	28	67	80	12	7	11	44	3	155	172	175	67	75	96	132	11	58	89	92	15	18	39	1	0	40	36	80	35	61	112	84	7	29	37	65	30	32	58	91	35	1	3805
89462	mitochondrion	100	142	98	23	42	72	103	3	59	70	8	1	5	19	88	17	60	94	266	52	45	57	84	8	23	72	79	10	4	13	42	4	150	176	209	60	40	93	157	16	44	122	84	11	13	47	1	0	40	45	80	23	36	100	109	6	23	44	72	23	27	62	91	36	1	3803
90247	mitochondrion	105	141	132	15	52	64	89	5	71	61	8	1	11	11	93	10	80	112	280	17	59	68	71	2	30	64	89	8	10	13	36	3	153	167	202	32	73	91	170	6	50	106	93	5	18	35	2	0	37	38	84	9	61	85	98	4	25	46	79	11	40	68	88	16	1	3803
93162	mitochondrion	165	93	180	11	66	57	128	5	84	50	6	1	15	12	99	5	141	71	185	20	72	56	64	2	52	48	75	8	14	7	42	2	240	117	192	32	73	78	136	6	82	69	81	12	22	26	2	0	58	31	80	15	69	67	92	4	41	28	81	16	42	44	109	21	1	3802
95912	mitochondrion	94	136	67	23	34	72	116	6	55	80	7	1	8	15	83	22	62	92	286	68	43	74	76	8	22	73	79	15	4	16	39	6	136	188	171	63	58	103	154	10	41	111	85	19	18	37	1	0	29	35	93	32	28	129	98	4	23	40	79	23	43	58	88	26	1	3805
9644	mitochondrion	124	115	87	27	53	70	87	11	67	67	6	3	9	16	90	15	71	93	255	70	67	59	59	12	42	55	71	17	4	11	41	9	163	157	160	70	87	75	128	16	66	74	80	20	27	35	1	0	39	49	92	27	66	90	98	15	30	40	68	33	28	49	104	35	1	3805
118797	mitochondrion	95	143	124	13	45	66	101	4	64	66	9	1	12	13	101	3	71	112	293	9	52	81	68	1	29	71	90	6	2	18	43	0	146	175	225	29	66	103	173	10	54	107	94	9	12	38	2	0	28	33	80	13	45	97	92	1	23	42	73	18	38	64	88	19	1	3803
9778	mitochondrion	80	150	71	27	51	70	109	12	58	80	6	2	12	16	89	15	78	122	262	68	39	59	92	10	30	71	72	14	15	13	32	10	137	188	161	67	64	120	96	20	38	102	75	11	15	39	0	1	53	47	61	25	56	127	56	12	27	45	67	28	47	70	75	36	1	3801
130825	mitochondrion	83	157	75	15	39	85	99	4	54	73	4	2	7	18	96	9	92	162	272	23	41	88	69	7	25	71	82	1	7	17	40	3	129	189	170	50	50	116	129	9	51	105	83	8	10	39	2	0	37	61	69	17	43	130	85	9	16	50	75	21	45	93	61	28	1	3800
143292	mitochondrion	51	166	37	14	43	83	80	10	20	104	7	0	5	22	87	18	38	107	319	72	25	99	67	5	11	96	73	12	6	15	37	5	78	223	189	64	29	126	175	11	21	142	86	10	11	46	2	0	30	37	88	48	29	118	120	8	15	56	65	29	25	63	87	38	1	3803
185453	mitochondrion	101	139	156	13	59	61	125	1	70	67	7	2	10	14	95	5	103	46	284	8	55	25	111	1	40	55	84	2	16	10	40	2	206	166	212	28	77	79	132	5	67	96	87	4	15	31	1	0	44	27	80	8	69	74	106	3	31	34	87	9	56	46	96	18	1	3801
186990	mitochondrion	82	150	70	13	46	90	101	1	64	66	8	0	5	20	88	16	82	130	275	47	43	77	74	4	32	68	80	7	10	17	36	3	152	169	176	58	66	111	124	7	41	106	78	13	17	43	1	0	45	54	88	19	44	118	80	8	25	45	72	20	23	72	79	46	1	3805
230844	mitochondrion	105	134	153	12	53	52	135	8	64	61	9	1	9	21	97	5	66	48	277	20	33	39	123	5	32	62	77	4	3	13	47	1	207	148	208	34	60	74	183	5	71	108	93	9	18	30	0	0	28	21	111	16	55	87	87	6	31	37	73	21	36	30	111	36	1	3803
9767	mitochondrion	91	150	106	12	38	72	90	5	57	70	7	2	10	14	96	9	72	117	295	19	47	80	77	2	30	69	89	5	6	16	41	2	139	186	200	33	50	108	166	8	45	113	91	5	21	37	2	0	38	39	87	12	43	107	101	2	15	52	77	16	47	64	85	18	1	3803
379532	mitochondrion	88	155	116	20	47	85	87	6	54	67	5	4	9	17	92	14	89	91	277	19	51	65	78	4	47	45	84	8	10	14	39	1	164	165	203	42	60	100	141	9	61	104	88	11	13	39	1	0	41	39	90	11	57	101	90	3	27	38	78	20	38	65	90	23	1	3800
34882	mitochondrion	88	144	98	22	41	72	104	11	53	79	7	1	9	15	90	15	51	89	297	52	47	67	75	5	32	66	78	10	9	12	37	6	128	195	186	62	63	109	134	14	41	115	89	10	16	38	1	0	33	43	98	19	46	103	94	11	24	45	80	15	35	49	102	29	1	3809
419612	mitochondrion	104	132	96	33	56	75	71	10	68	69	7	1	11	14	90	16	72	97	228	68	54	81	49	12	28	64	67	23	7	14	39	8	181	132	175	76	61	95	126	34	59	92	77	19	14	40	1	0	46	49	80	33	57	110	88	12	28	41	61	35	24	68	90	37	1	3805
482537	mitochondrion	92	131	80	18	33	90	93	7	53	72	7	0	8	15	86	20	78	159	262	39	30	95	77	6	35	69	77	11	3	15	39	7	130	191	167	40	54	133	164	31	48	116	85	12	15	37	1	1	35	26	73	23	38	121	71	7	12	52	77	16	26	67	82	41	1	3799
494514	mitochondrion	96	135	92	35	66	70	77	21	56	81	8	0	7	17	86	18	72	106	220	66	58	57	69	9	30	72	67	21	7	12	39	8	168	165	191	60	78	101	113	17	67	83	83	20	22	31	1	0	47	39	83	17	56	96	90	18	28	45	59	34	34	55	85	41	1	3805
885580	mitochondrion	72	151	83	18	41	99	115	11	36	107	5	2	10	17	91	16	39	95	297	54	35	85	72	7	22	80	76	13	2	9	52	3	109	228	222	44	31	111	148	14	31	130	92	9	12	47	1	0	26	38	77	17	27	106	91	7	15	51	80	12	30	47	112	23	1	3803
1026970	mitochondrion	108	132	109	15	33	60	144	3	53	67	9	0	16	12	92	10	64	62	318	26	27	30	130	7	16	87	74	7	12	10	38	1	160	184	196	22	31	101	182	10	55	118	94	6	18	37	0	1	38	21	118	15	56	97	79	7	34	35	83	13	51	31	105	32	1	3802
9818	mitochondrion	112	130	131	22	61	61	122	4	70	66	8	1	10	18	99	8	111	60	268	29	55	36	104	6	40	65	79	5	11	7	46	2	197	178	186	32	70	88	119	7	53	97	87	5	14	36	1	0	38	21	83	15	78	89	81	2	24	42	79	13	27	55	107	30	1	3801
1608482	mitochondrion	118	113	104	29	34	63	118	6	82	64	8	1	7	18	93	11	67	82	275	34	43	78	73	3	36	55	76	14	6	10	49	1	162	170	214	47	67	113	124	16	68	89	95	9	15	32	1	0	38	31	97	20	50	106	83	5	27	37	77	22	40	54	105	20	1	3805
189058	mitochondrion	104	129	115	22	55	68	84	11	66	58	7	2	7	15	91	14	80	119	269	34	64	71	60	8	26	76	88	8	7	14	37	3	150	161	195	43	59	117	158	12	46	110	82	12	22	32	1	1	33	45	64	34	55	92	87	5	21	47	73	21	43	70	66	35	1	3804
1868482	mitochondrion	139	102	131	20	52	82	91	3	66	63	6	3	9	17	92	14	109	106	240	25	42	77	66	4	44	53	73	8	9	14	41	4	200	128	204	40	65	105	141	12	64	79	85	8	27	32	1	0	39	43	62	23	66	89	91	7	34	35	84	13	47	56	87	25	1	3797
7757	mitochondrion	137	98	200	12	73	44	87	3	68	39	5	2	27	12	99	10	137	53	194	15	53	32	110	4	47	58	92	6	21	8	37	2	232	102	187	29	106	73	125	2	78	67	90	9	33	21	5	0	79	31	73	8	96	102	99	0	32	36	82	11	51	43	85	33	1	3805
7830	mitochondrion	152	95	225	23	55	67	95	1	79	41	9	1	12	11	108	12	146	86	148	19	48	58	98	6	48	52	90	7	11	21	40	3	244	90	139	34	62	81	119	9	88	59	79	7	23	36	0	0	59	35	81	18	87	104	85	9	42	27	88	11	54	53	80	42	1	3812
7868	mitochondrion	169	66	280	6	99	43	71	3	92	31	8	1	23	6	107	7	160	44	143	6	90	33	69	6	73	27	86	5	15	10	41	3	253	107	188	21	127	41	114	3	136	39	88	4	34	19	0	1	68	23	72	6	118	55	76	3	50	13	89	6	98	25	80	9	1	3789
7897	mitochondrion	95	119	94	23	27	40	101	10	60	60	7	0	8	17	105	16	51	85	320	49	25	43	127	11	30	73	95	8	8	6	58	1	123	162	170	53	43	94	217	5	32	115	75	10	9	41	0	0	41	28	93	22	44	99	135	8	25	46	87	15	31	49	129	30	1	3803
7906	mitochondrion	109	112	92	31	29	86	59	10	54	66	4	3	10	18	101	18	84	121	245	59	28	93	81	11	20	83	95	9	5	15	48	7	148	131	111	64	35	139	128	9	29	100	72	8	10	42	0	0	45	53	91	38	44	170	107	17	17	58	83	17	28	82	87	46	1	3815
7913	mitochondrion	83	143	76	30	34	78	60	11	38	80	6	2	7	22	110	10	79	139	253	52	31	102	82	4	17	86	94	8	9	9	53	3	113	173	123	55	31	155	124	10	32	105	75	4	11	39	1	0	47	55	74	36	49	163	109	13	20	52	84	17	18	82	102	34	1	3817
7918	mitochondrion	130	104	120	26	39	67	78	7	65	57	6	0	13	17	113	9	115	110	236	35	34	76	109	7	31	67	93	8	7	9	55	5	198	103	149	39	50	134	132	7	40	83	75	8	19	33	1	1	54	43	87	14	61	130	102	14	22	54	91	13	31	47	115	38	1	3836
7936	mitochondrion	94	136	116	25	28	43	103	4	67	61	6	1	13	18	111	10	86	60	269	37	25	36	141	12	36	63	92	8	11	6	54	6	177	105	160	50	53	76	164	8	44	87	87	6	8	35	0	1	50	37	122	24	59	130	125	8	24	57	90	14	30	56	117	44	1	3826
7950	mitochondrion	99	140	71	33	40	63	55	19	38	78	3	4	12	21	98	20	126	101	189	91	56	93	46	24	19	82	60	38	8	10	48	12	160	96	69	103	66	120	80	36	44	75	47	30	9	46	0	0	64	62	84	43	61	150	131	30	28	45	61	35	32	42	77	90	1	3813
7955	mitochondrion	149	88	181	26	58	19	108	9	56	58	7	3	14	15	107	11	146	38	179	29	40	40	115	13	34	68	84	10	9	4	53	9	201	107	139	52	63	77	140	13	56	65	81	8	14	38	0	0	69	21	111	22	87	96	132	13	30	54	80	20	36	39	116	45	1	3805
7957	mitochondrion	111	117	120	15	34	61	83	9	60	56	6	4	6	19	113	7	99	83	260	49	29	56	121	4	28	76	93	8	10	10	47	9	185	100	122	54	50	92	150	16	48	72	63	14	14	37	0	0	60	29	116	22	68	134	123	9	16	60	87	14	30	49	138	32	1	3807
7962	mitochondrion	76	146	100	11	29	59	82	9	51	65	7	3	5	20	112	8	82	99	297	37	33	52	115	12	23	81	98	1	9	15	45	10	157	137	126	49	42	104	146	8	45	76	73	6	9	46	0	0	58	33	118	18	55	144	129	10	11	64	94	8	32	44	137	35	1	3806
7998	mitochondrion	108	118	112	22	38	82	62	7	49	65	6	3	10	18	92	30	92	103	254	51	34	99	68	8	31	78	93	7	6	19	43	6	179	118	113	59	52	123	110	9	47	73	67	13	9	37	0	0	61	46	85	30	54	174	99	15	29	49	81	15	26	86	83	49	1	3805
8010	mitochondrion	119	124	133	33	64	70	55	3	58	51	8	1	9	20	102	18	158	142	155	36	55	115	44	4	34	76	82	14	8	23	39	5	181	109	111	48	57	116	118	10	48	73	61	15	10	38	0	0	82	49	61	30	64	166	85	12	35	40	76	23	45	84	70	37	1	3812
8018	mitochondrion	107	120	106	26	55	62	62	11	46	67	5	3	8	19	94	27	148	153	177	47	59	77	58	18	29	79	86	14	13	11	42	10	139	141	106	43	70	122	104	19	37	78	66	9	12	42	0	0	56	52	86	26	77	145	97	22	31	42	86	18	40	69	88	51	1	3813
8019	mitochondrion	111	116	98	27	50	73	56	10	41	71	6	3	8	19	101	20	143	144	199	46	45	86	68	14	31	78	87	13	7	12	46	10	135	135	93	58	73	122	99	15	38	80	64	10	10	42	0	0	60	53	74	41	79	158	90	21	26	47	84	21	35	75	73	64	1	3814
8022	mitochondrion	114	114	110	24	55	69	55	9	41	70	7	2	8	20	101	20	150	146	185	42	49	87	57	18	27	84	89	11	8	11	48	8	135	130	108	41	79	120	96	20	36	76	59	15	11	43	0	0	56	55	90	32	75	150	93	24	26	48	83	23	33	72	93	48	1	3809
8023	mitochondrion	107	122	103	28	52	75	54	7	42	69	6	4	13	14	97	24	150	139	177	60	48	87	63	15	24	86	84	14	10	10	43	13	143	129	100	46	80	124	94	17	41	74	64	11	9	43	0	0	64	52	74	39	74	152	94	24	27	46	77	28	35	71	77	65	1	3814
8030	mitochondrion	116	114	100	23	54	76	48	11	46	68	8	1	10	17	112	10	152	158	193	24	51	87	64	11	29	75	90	10	7	19	44	5	143	134	111	42	78	117	106	16	46	69	69	6	17	38	0	0	55	61	84	23	75	152	99	15	21	51	99	8	31	85	90	40	1	3814
8032	mitochondrion	115	115	93	26	49	80	50	10	40	73	7	1	10	17	105	17	137	178	182	36	47	93	60	13	31	75	85	16	10	15	45	5	142	131	108	39	67	125	119	5	39	73	63	12	13	44	0	0	57	62	83	26	75	155	96	17	21	51	98	11	31	90	84	41	1	3814
8040	mitochondrion	110	119	104	29	58	69	51	9	46	68	7	1	13	14	104	18	165	136	171	47	46	88	58	22	28	78	82	16	10	14	38	13	142	132	104	45	78	122	93	15	40	72	69	7	12	43	0	0	59	53	82	35	77	155	98	21	17	58	84	23	25	78	89	54	1	3814
8049	mitochondrion	135	98	163	19	71	49	67	11	66	43	5	4	17	10	106	14	178	96	170	28	88	75	45	9	51	56	73	21	16	13	30	16	188	65	121	58	89	78	114	13	66	47	53	18	22	38	0	0	75	39	94	22	111	108	119	11	43	35	71	26	63	69	70	43	1	3812
8078	mitochondrion	156	90	231	29	69	65	78	5	80	40	8	2	18	15	108	7	170	73	119	31	96	51	49	8	57	52	83	12	15	1	47	9	227	61	127	42	86	94	92	7	80	34	61	13	23	36	0	0	82	34	94	13	108	98	104	11	48	31	79	20	64	62	70	34	1	3809
8081	mitochondrion	156	88	166	21	53	73	85	4	63	49	8	0	10	21	105	14	153	83	199	31	58	74	82	5	33	76	91	3	9	17	45	6	210	94	125	37	57	126	111	3	60	71	71	5	10	45	0	0	71	20	72	18	54	147	111	7	38	41	79	15	38	45	109	43	1	3814
8083	mitochondrion	133	120	85	28	53	86	58	6	35	76	8	0	7	23	98	22	141	195	174	56	34	128	56	9	17	88	89	14	6	25	38	7	135	134	97	43	49	155	97	6	25	99	69	5	6	45	1	0	48	62	60	33	52	169	98	6	17	59	68	24	31	94	64	50	1	3816
8084	mitochondrion	127	122	79	37	42	95	53	14	31	80	8	0	8	23	85	36	141	195	164	64	21	139	54	13	16	90	86	15	8	23	35	10	127	138	91	51	44	154	88	14	22	100	64	9	8	49	0	1	47	68	50	41	49	179	93	11	16	58	72	19	31	92	59	56	1	3815
8090	mitochondrion	145	104	139	41	53	76	73	14	50	58	6	0	11	18	77	40	159	115	143	65	68	87	45	13	33	69	77	22	10	11	37	16	157	99	103	64	56	102	93	16	41	78	55	24	16	41	1	0	74	57	77	37	74	128	103	29	28	47	76	22	55	69	51	69	1	3817
8128	mitochondrion	109	132	79	25	49	93	56	4	41	72	7	1	8	18	106	16	142	210	167	25	54	113	49	6	34	76	87	11	9	17	43	7	175	113	101	53	66	125	111	7	36	76	67	12	11	42	0	0	65	58	59	18	67	155	106	18	20	55	85	16	41	88	81	35	1	3828
8153	mitochondrion	106	138	93	18	41	110	51	6	55	59	6	2	7	17	112	10	166	185	154	36	73	100	39	11	31	74	90	9	9	23	33	9	173	116	106	47	52	133	108	4	35	85	67	10	17	32	0	0	55	61	64	21	72	155	104	17	23	51	90	13	48	89	70	36	1	3827
8154	mitochondrion	107	135	84	18	43	109	49	7	53	62	4	3	8	17	109	13	159	190	161	39	66	103	46	7	33	73	87	11	9	22	30	12	170	112	114	49	55	136	103	10	33	84	67	8	17	34	0	0	55	61	53	29	66	159	106	11	24	50	93	11	41	100	60	46	1	3826
8167	mitochondrion	130	105	122	15	51	62	58	12	54	59	7	1	8	15	99	21	200	124	154	53	92	83	38	9	35	71	80	19	14	15	44	5	173	91	103	47	60	118	105	12	43	72	67	7	19	36	0	0	75	59	75	21	87	147	110	11	34	45	75	25	46	77	78	43	1	3816
8175	mitochondrion	118	121	80	32	64	76	54	14	50	61	5	1	10	16	97	22	167	196	143	55	56	81	60	14	40	70	75	21	16	12	44	4	154	110	80	65	59	113	99	10	45	72	57	21	10	44	0	1	90	68	60	17	65	165	100	15	27	46	76	26	38	83	85	42	1	3818
8177	mitochondrion	103	135	102	24	58	79	59	10	53	57	3	3	8	17	105	14	159	183	151	52	55	88	60	10	40	66	85	11	8	18	39	9	179	89	94	64	69	95	103	13	45	68	62	15	12	46	0	1	76	60	70	24	78	136	108	18	26	50	78	23	52	75	77	40	1	3810
8187	mitochondrion	89	144	64	27	52	65	69	3	34	74	8	1	14	18	95	30	115	176	211	66	44	103	70	7	32	83	88	10	10	15	43	7	135	145	97	62	57	136	106	7	32	93	66	10	16	38	0	0	50	69	60	26	64	153	118	8	27	51	75	21	34	76	83	38	1	3820
8208	mitochondrion	123	114	87	31	59	69	43	14	50	67	3	5	14	18	85	31	188	149	152	41	75	106	34	6	44	58	87	19	13	14	35	13	154	107	91	63	56	127	82	13	47	55	55	25	21	49	0	0	57	70	70	40	84	150	117	13	22	56	55	40	38	102	59	53	1	3818
8245	mitochondrion	95	140	62	17	44	92	47	11	38	75	8	1	4	19	96	25	129	202	176	80	55	112	46	9	25	87	76	20	5	15	42	16	127	127	69	83	47	134	96	16	32	90	64	10	17	35	0	0	66	77	61	23	71	155	110	18	26	52	78	20	40	91	66	43	1	3813
8255	mitochondrion	98	138	69	32	46	59	76	17	36	69	7	1	8	18	96	25	167	184	144	58	49	91	69	14	28	82	71	22	7	9	46	16	146	139	99	63	44	99	131	17	31	87	56	19	15	38	0	0	57	68	62	25	71	143	118	21	26	49	74	22	62	81	51	47	1	3813
8267	mitochondrion	118	125	97	31	56	56	55	21	33	79	5	2	9	14	94	28	146	158	161	59	52	99	58	16	24	83	78	16	7	17	39	16	162	99	87	63	65	108	114	19	31	81	61	15	15	43	1	0	66	72	75	19	74	133	122	18	18	58	70	31	32	88	60	66	1	3818
8355	mitochondrion	128	103	217	20	66	44	123	11	60	58	4	3	13	19	101	16	159	54	141	10	52	20	121	11	40	56	93	6	10	5	50	1	228	110	161	35	83	71	145	8	70	80	77	8	15	42	1	0	62	25	75	17	73	83	114	6	36	38	83	14	44	40	113	23	1	3795
8364	mitochondrion	77	153	103	23	68	64	96	13	38	69	5	1	5	24	107	12	130	134	181	43	51	55	96	13	23	80	85	10	8	7	52	4	156	166	126	53	63	130	109	9	48	102	75	3	12	33	0	0	59	40	64	27	65	125	91	11	16	52	79	20	30	57	106	41	1	3798
8469	mitochondrion	84	136	113	17	33	76	129	1	46	79	4	2	9	17	108	5	49	82	344	10	19	40	151	1	39	68	103	1	8	9	49	3	128	191	220	17	57	140	167	3	41	111	86	2	14	32	1	1	39	19	85	8	40	110	86	3	13	47	89	3	29	59	114	14	1	3804
8478	mitochondrion	94	133	152	22	45	63	115	8	47	80	5	2	13	17	100	13	71	71	275	22	19	42	139	9	42	66	90	7	8	12	45	5	149	151	208	29	78	121	160	5	44	100	92	1	14	26	0	2	27	25	101	16	55	94	92	4	24	35	79	13	48	55	97	27	1	3804
8496	mitochondrion	101	142	110	12	46	75	93	14	44	66	7	1	12	16	88	17	83	142	259	36	28	83	96	10	21	81	82	11	7	20	38	4	160	142	162	40	54	158	133	11	25	103	85	7	17	44	0	1	37	43	74	24	51	114	104	11	14	54	73	13	13	60	92	38	1	3802
8502	mitochondrion	81	136	114	19	33	77	98	15	38	75	8	1	10	17	81	19	72	90	283	73	27	49	113	13	23	74	89	20	6	15	41	8	131	168	147	50	44	141	152	16	35	95	79	10	15	49	0	2	33	50	77	30	43	143	104	9	19	52	65	25	20	60	91	43	1	3816
8524	mitochondrion	158	63	227	17	52	50	105	2	76	47	6	0	16	16	94	12	140	75	163	17	51	41	106	2	34	73	89	4	14	14	39	3	256	75	198	32	90	119	151	6	73	76	83	2	19	31	0	2	69	16	59	13	67	90	90	4	45	18	81	6	67	53	79	19	1	3795
8790	mitochondrion	73	148	101	19	55	75	104	5	43	68	7	2	13	16	95	11	82	152	293	26	43	74	105	5	47	60	92	5	8	9	49	4	93	201	141	29	72	109	147	8	38	94	78	6	15	32	1	1	41	35	77	20	85	105	93	4	21	41	72	21	40	57	91	41	1	3798
8839	mitochondrion	54	167	35	19	26	91	94	13	23	84	7	1	5	24	91	16	48	176	300	90	26	100	91	14	8	101	71	19	4	16	38	16	57	222	107	57	35	143	123	11	14	107	78	12	6	52	0	2	29	66	73	28	40	190	94	11	9	51	72	23	11	80	82	51	1	3804
8868	mitochondrion	50	179	41	15	28	86	93	17	18	91	5	2	7	22	86	21	44	142	302	107	23	88	112	11	13	94	73	19	2	20	37	13	67	210	119	54	31	146	116	13	15	107	73	15	6	53	1	2	31	60	76	39	36	189	82	21	11	52	74	20	17	67	95	43	1	3802
8869	mitochondrion	64	164	46	18	31	81	95	17	22	88	5	2	3	26	84	23	38	146	305	99	30	76	110	16	19	89	81	10	1	19	41	11	69	211	124	51	37	149	109	15	16	106	72	17	6	51	1	2	25	56	75	40	47	181	85	18	7	57	71	24	17	65	90	48	1	3802
8932	mitochondrion	47	166	66	21	34	107	78	8	28	87	7	1	7	19	93	12	76	187	299	30	45	82	93	5	22	86	79	13	9	16	42	6	86	202	132	40	58	157	130	8	24	105	74	9	13	42	2	1	40	53	56	22	50	139	93	9	21	43	79	18	27	80	80	32	1	3796
8954	mitochondrion	66	143	81	21	28	99	88	4	35	79	7	2	15	15	95	9	62	155	319	39	21	104	102	6	18	86	91	7	5	17	43	5	89	194	146	34	52	187	136	3	23	109	86	3	14	42	1	1	28	37	68	19	47	131	102	8	19	43	76	13	20	71	103	30	1	3802
8996	mitochondrion	48	167	60	17	31	91	116	5	25	84	8	2	7	20	93	16	78	187	299	36	34	82	101	13	17	92	81	10	5	15	44	6	79	216	124	41	43	177	125	6	12	109	85	7	6	52	0	1	29	56	56	20	52	136	88	10	14	51	77	16	27	76	75	38	1	3794
9031	mitochondrion	59	160	65	16	36	100	99	4	27	79	9	0	5	23	96	12	80	183	287	35	21	107	104	3	25	87	80	6	1	16	44	10	86	219	136	33	55	165	127	4	21	104	79	11	3	53	0	1	31	45	57	27	41	145	94	9	11	53	78	16	20	79	88	29	1	3799
9054	mitochondrion	62	164	93	19	38	94	106	6	37	68	7	2	9	21	95	12	114	158	254	27	38	88	106	4	33	76	87	6	7	17	41	6	103	201	139	28	75	144	128	4	33	97	81	8	7	45	0	1	43	36	63	23	45	138	87	6	31	33	85	8	30	67	88	27	1	3799
9103	mitochondrion	72	143	114	17	44	78	113	6	46	65	8	1	10	16	92	14	104	166	241	32	53	65	108	2	24	83	87	8	7	17	40	7	130	182	136	35	70	137	133	7	35	98	81	8	8	46	0	1	27	39	66	25	55	124	97	8	18	45	78	14	33	64	84	32	1	3799
9135	mitochondrion	42	172	64	10	41	89	95	5	27	82	6	1	6	23	105	1	65	143	350	35	43	75	103	4	19	86	87	6	10	13	45	4	82	227	136	26	50	135	119	6	19	117	82	2	9	48	2	1	43	44	87	19	49	143	109	6	11	54	85	8	37	62	97	27	1	3799
9157	mitochondrion	34	191	38	15	28	122	78	6	19	92	7	1	3	27	102	5	38	191	350	32	30	111	79	4	10	92	83	10	9	21	36	7	48	244	114	38	26	171	120	4	16	116	82	4	7	49	2	1	32	63	76	23	28	190	85	9	15	54	82	8	19	90	84	29	1	3800
9160	mitochondrion	30	190	59	19	29	97	87	18	18	93	5	2	7	25	88	18	36	131	338	89	21	81	107	15	8	92	82	14	5	16	41	10	56	222	111	51	35	135	127	13	16	119	76	10	7	52	2	1	32	58	73	41	49	165	87	12	11	56	68	23	14	64	94	51	1	3802
9238	mitochondrion	34	179	49	21	28	99	91	7	29	87	9	1	4	23	83	25	48	201	310	35	25	95	101	5	9	99	86	8	8	21	37	4	69	217	139	26	50	166	159	3	15	113	81	6	11	46	0	2	24	46	73	18	45	147	95	7	16	47	77	15	29	76	78	42	1	3799
13397	mitochondrion	122	114	143	22	45	90	77	4	72	53	9	1	9	15	107	13	132	143	194	33	44	83	78	2	33	68	93	5	13	17	38	3	188	146	137	44	57	100	118	6	58	92	79	2	14	38	0	1	49	42	59	26	61	128	88	4	28	40	80	25	48	68	85	25	1	3811
13735	mitochondrion	95	118	226	20	35	46	135	7	66	63	9	2	15	14	103	8	69	54	224	5	33	35	137	3	41	62	101	5	7	12	48	1	168	164	228	28	58	121	186	5	64	101	88	3	15	39	1	1	41	16	73	14	50	90	91	4	24	35	75	7	48	43	88	24	1	3792
27687	mitochondrion	137	89	206	27	67	53	91	7	78	45	6	2	11	16	109	6	133	44	155	28	56	21	113	19	49	49	81	11	10	22	42	1	262	89	186	50	85	66	123	6	91	56	72	10	15	25	2	1	62	18	89	15	89	93	111	5	41	31	78	15	46	59	87	29	1	3791
27706	mitochondrion	121	114	90	20	46	76	53	12	34	75	9	1	7	18	95	24	171	177	158	53	62	111	41	9	38	69	73	22	9	21	38	9	160	107	85	62	59	126	104	12	48	74	55	16	8	43	0	0	65	61	63	35	54	181	104	13	23	50	76	27	46	93	63	44	1	3813
28377	mitochondrion	191	57	150	32	56	58	102	10	60	48	7	1	9	20	85	16	143	44	202	47	29	43	116	12	25	70	79	18	8	5	54	5	253	70	174	41	47	105	167	10	59	88	71	11	15	42	1	1	68	29	58	25	43	109	110	10	27	41	63	28	35	73	68	41	1	3785
28743	mitochondrion	107	128	75	28	49	88	53	15	28	83	7	1	14	15	99	21	206	165	139	61	69	99	45	5	28	84	80	21	10	19	32	14	161	98	70	74	63	104	107	13	47	66	59	14	16	38	0	0	75	67	71	24	65	155	99	26	21	56	75	23	34	100	66	38	1	3813
29144	mitochondrion	86	150	55	16	33	71	68	13	32	79	5	2	6	23	104	18	108	162	223	68	32	58	113	12	21	81	79	19	4	12	52	8	114	152	73	78	38	127	113	20	29	88	63	15	11	48	0	0	55	76	86	30	52	174	112	22	24	51	81	19	15	66	120	48	1	3813
30732	mitochondrion	152	91	217	41	56	61	91	13	56	63	6	1	16	11	96	22	183	57	128	32	96	45	55	9	51	43	83	18	13	9	37	16	201	84	121	44	88	80	93	10	60	57	69	14	24	35	0	1	83	32	91	25	100	103	105	9	50	24	73	25	66	34	95	52	1	3816
31033	mitochondrion	76	150	98	25	52	78	73	4	29	82	8	1	7	21	107	9	136	139	208	47	53	88	75	6	15	89	91	11	9	12	50	3	145	153	113	55	48	124	129	6	42	84	69	9	8	41	0	1	55	62	77	16	59	150	98	6	21	55	86	13	38	79	83	33	1	3810
34903	mitochondrion	93	125	167	24	54	64	119	5	60	78	6	2	12	21	98	11	69	82	256	19	31	36	139	5	43	57	94	8	5	12	47	4	161	146	214	27	77	109	160	3	45	93	93	4	15	28	1	1	25	27	87	24	58	94	85	7	29	36	79	9	34	62	101	29	1	3809
32473	mitochondrion	126	115	95	29	50	82	48	10	35	76	8	0	8	22	90	27	131	193	162	46	37	121	53	8	18	84	80	13	6	25	35	9	131	127	88	49	48	141	92	8	23	93	60	6	12	39	0	0	45	59	56	33	52	161	95	7	18	57	69	22	24	94	68	43	1	3662
32507	mitochondrion	123	117	73	24	46	98	50	9	53	61	6	2	10	17	106	15	172	191	164	37	62	111	42	8	28	80	83	16	13	21	32	9	179	105	103	50	56	127	102	11	36	77	65	12	13	41	0	0	64	54	58	24	78	160	97	12	14	63	85	16	28	106	63	50	1	3828
34773	mitochondrion	92	143	83	25	39	71	71	6	37	83	5	2	15	15	104	16	117	112	204	65	52	85	71	13	18	85	80	13	9	11	51	11	145	115	69	95	49	112	130	19	34	79	67	8	13	45	0	0	57	59	94	36	39	183	123	19	17	58	66	28	28	60	87	74	1	3812
34816	mitochondrion	123	114	121	26	45	79	54	8	35	79	5	2	15	13	97	23	164	148	165	50	57	98	52	13	25	75	76	21	12	17	45	6	171	91	100	51	77	109	107	8	35	78	61	9	16	38	0	0	74	52	76	17	71	160	103	18	35	45	72	30	26	100	66	54	1	3813
37003	mitochondrion	173	107	152	35	72	59	54	11	55	60	6	1	11	15	92	21	163	131	143	35	62	105	34	11	30	74	76	21	6	21	36	10	193	88	116	48	76	105	87	12	38	86	69	11	19	47	0	0	62	45	59	34	82	136	103	22	14	58	63	30	22	99	58	52	1	3816
37040	mitochondrion	47	165	46	19	21	107	88	6	26	89	7	2	7	21	96	13	50	208	325	37	30	91	99	4	26	82	82	16	6	20	34	9	71	205	149	28	51	157	135	10	23	109	74	13	11	45	0	2	26	51	70	19	51	141	97	9	19	43	68	27	25	68	86	38	1	3800
38654	mitochondrion	88	143	85	28	33	99	83	13	34	74	4	3	13	20	77	24	111	156	221	65	23	105	71	16	15	87	81	17	9	18	32	9	110	158	143	55	55	151	126	12	24	99	85	9	12	55	3	0	25	64	75	29	45	156	91	14	18	54	61	25	17	66	77	42	1	3813
41447	mitochondrion	88	155	79	25	32	76	50	23	31	82	6	1	7	17	100	20	150	173	168	65	60	103	43	19	25	83	78	16	8	13	46	12	124	127	76	77	53	108	114	23	28	91	62	14	9	42	0	0	68	84	56	26	62	164	116	17	17	62	70	30	34	80	73	52	1	3813
43700	mitochondrion	106	123	107	20	68	72	57	8	54	74	2	3	14	17	103	15	135	166	194	35	69	95	54	4	24	86	87	8	5	17	40	12	159	137	139	33	80	142	87	8	39	90	79	9	11	44	0	1	47	58	60	24	63	156	78	13	13	53	65	24	33	92	54	49	1	3814
47969	mitochondrion	90	152	62	27	43	95	55	8	40	73	7	1	7	19	108	14	144	208	180	25	50	121	45	7	26	83	89	10	11	18	40	6	163	126	93	61	53	132	117	4	27	85	67	11	10	43	0	0	58	64	57	22	67	165	99	17	15	61	87	16	34	96	71	43	1	3828
52904	mitochondrion	124	110	134	37	46	76	53	15	66	56	8	1	12	16	86	31	177	136	139	52	85	102	35	12	44	57	62	28	10	17	30	17	189	86	84	64	51	104	108	20	48	62	51	27	23	41	0	0	81	60	67	26	79	161	91	27	31	47	70	31	50	73	74	38	1	3838
54343	mitochondrion	135	98	76	45	38	75	50	20	46	67	7	2	4	19	82	38	185	141	143	75	68	99	38	18	34	72	62	36	19	19	19	20	172	83	62	82	55	118	90	23	41	74	45	31	15	39	0	0	80	55	60	43	65	183	101	23	21	58	54	48	40	69	65	68	1	3813
178879	mitochondrion	125	92	170	15	60	69	86	1	72	47	5	1	9	19	103	14	129	97	176	30	60	45	97	6	36	65	83	11	11	21	39	5	244	106	162	36	69	91	130	10	71	69	77	4	5	34	1	1	67	32	75	15	59	123	118	8	31	40	85	10	35	68	88	36	1	3799
59729	mitochondrion	56	167	42	15	23	109	98	5	29	78	7	1	4	26	101	4	43	130	385	47	25	76	112	6	13	90	87	10	6	7	52	5	68	223	121	38	36	139	130	8	22	113	82	6	9	49	2	1	39	54	88	23	41	163	101	6	8	60	78	11	18	56	116	32	1	3800
59861	mitochondrion	110	115	66	36	49	67	60	10	42	70	7	1	13	14	97	26	169	132	174	74	35	112	51	16	24	81	74	25	8	10	43	16	122	135	93	64	49	130	103	21	39	73	46	29	9	46	0	0	66	75	60	42	60	181	97	16	34	45	71	32	40	81	70	58	1	3814
59894	mitochondrion	33	185	27	10	35	96	84	8	15	99	4	3	6	29	101	6	42	193	317	77	31	92	98	6	15	87	84	16	7	21	35	7	59	234	98	57	32	151	111	8	20	109	79	6	3	54	2	1	25	69	69	33	35	186	108	7	12	55	61	28	26	80	68	51	1	3806
64144	mitochondrion	92	147	92	21	45	73	60	9	41	75	6	4	6	20	93	24	150	159	187	41	46	99	68	13	15	83	78	15	5	18	49	8	136	146	111	46	64	116	114	12	36	85	70	9	7	51	0	0	46	65	66	30	68	153	118	17	22	56	75	22	34	79	77	43	1	3816
64176	mitochondrion	158	65	199	18	56	56	91	2	70	43	7	0	10	18	97	8	146	79	168	26	47	41	121	1	44	61	84	9	13	14	43	2	256	84	191	24	74	113	143	7	60	86	84	3	24	23	0	2	63	31	57	13	76	109	92	2	39	28	76	12	45	74	84	20	1	3792
74940	mitochondrion	111	118	106	28	48	75	55	10	43	70	6	3	9	18	107	14	152	132	192	49	45	83	72	12	28	80	88	13	9	11	43	12	144	130	101	50	68	131	101	13	42	73	69	6	12	40	0	0	54	57	81	31	81	148	96	18	27	47	88	17	29	78	91	48	1	3813
75366	mitochondrion	110	118	118	22	44	42	86	14	63	54	8	1	10	15	101	19	93	83	260	53	22	70	96	20	27	77	94	7	7	13	46	10	164	119	130	52	33	112	138	17	38	84	67	13	7	41	0	0	52	48	97	28	51	147	131	17	16	59	81	20	29	52	97	65	1	3808
80427	mitochondrion	142	82	161	24	50	61	103	3	63	58	6	0	14	13	94	14	154	105	191	21	44	56	107	5	45	61	84	11	12	21	37	2	195	109	170	35	87	107	136	12	43	91	79	5	17	37	0	2	60	51	56	14	68	109	89	3	27	37	78	15	38	70	88	21	1	3793
80972	mitochondrion	90	155	82	18	47	89	55	5	32	75	4	2	9	19	109	11	138	149	232	42	54	85	68	9	27	79	90	10	8	8	53	5	131	138	107	62	62	125	115	8	41	77	73	10	9	39	1	0	51	55	75	24	67	160	105	12	18	60	81	20	24	93	87	38	1	3827
90988	mitochondrion	128	103	130	28	54	46	81	5	56	60	8	1	10	17	110	10	151	90	179	48	57	56	87	14	44	60	84	14	12	13	41	10	200	73	125	50	66	101	119	12	63	50	59	19	16	36	0	0	54	49	117	22	75	131	134	12	32	45	75	25	48	52	96	48	1	3811
93934	mitochondrion	67	149	75	18	38	102	104	4	31	78	8	1	7	19	99	8	86	163	297	19	29	70	125	6	32	74	84	8	5	19	43	4	91	226	142	33	54	164	141	3	26	100	84	6	11	44	0	2	30	36	71	20	42	137	88	6	23	41	85	6	25	74	90	28	1	3801
94835	mitochondrion	94	132	116	24	26	88	99	8	52	65	4	1	10	19	87	14	82	118	266	38	23	63	116	7	22	78	85	10	7	15	43	7	143	146	183	47	49	128	148	9	32	94	85	5	18	37	0	2	40	34	86	22	53	134	102	9	20	50	79	14	25	55	93	37	1	3798
925459	mitochondrion	51	175	76	25	39	88	87	13	28	79	8	0	8	15	94	15	55	157	321	21	27	70	116	11	24	92	91	6	9	17	36	6	89	210	149	33	55	155	147	5	21	110	81	6	9	42	1	2	34	36	70	17	51	122	96	11	18	42	81	14	23	81	75	46	1	3792
103944	mitochondrion	94	115	78	12	33	71	106	8	47	62	5	0	12	20	88	9	80	107	291	32	25	73	98	9	13	91	82	10	9	11	37	4	108	213	205	34	62	172	178	10	45	95	92	11	12	41	1	2	31	40	70	24	26	109	100	7	16	39	79	19	26	66	76	30	1	3771
105023	mitochondrion	163	85	208	43	61	50	96	14	71	48	6	3	20	10	96	21	131	63	157	33	77	72	52	3	43	54	78	14	7	8	50	7	185	130	158	43	74	84	126	12	66	79	82	7	26	32	0	0	71	33	76	16	91	69	108	7	42	30	77	15	60	58	71	34	1	3806
106582	mitochondrion	109	132	83	17	43	107	52	8	48	66	5	2	8	17	106	16	157	194	163	39	70	99	44	8	35	72	87	11	8	23	32	10	171	105	117	46	60	133	96	12	30	87	67	8	20	31	0	0	61	62	56	26	65	157	106	14	25	49	92	12	49	91	57	50	1	3826
109280	mitochondrion	142	85	275	14	61	42	114	7	71	47	7	0	12	12	111	11	100	46	180	15	72	59	78	7	52	49	86	7	7	5	56	5	186	119	172	30	63	81	142	4	69	71	80	2	22	29	0	0	74	19	91	20	83	73	127	10	43	29	88	12	65	32	111	29	1	3811
109905	mitochondrion	113	129	140	17	59	64	66	7	56	53	7	0	8	16	103	15	158	116	166	53	76	78	54	8	35	70	94	9	17	6	43	9	217	73	108	61	70	116	110	7	64	58	70	9	16	43	0	0	71	36	84	20	67	136	112	12	26	47	78	22	34	77	75	46	1	3810
113540	mitochondrion	68	157	70	21	35	68	78	5	31	84	6	1	6	26	99	19	75	158	279	41	28	79	104	8	18	91	96	9	5	20	44	6	104	191	129	43	35	149	147	6	19	95	82	2	8	45	1	0	39	61	74	17	51	170	83	14	19	57	79	19	32	94	78	36	1	3814
118141	mitochondrion	72	159	83	31	27	59	91	6	30	88	5	1	8	19	100	21	66	94	300	45	19	53	135	14	17	86	93	11	6	14	52	5	84	188	154	39	31	129	166	10	18	109	74	3	6	54	0	1	35	37	94	34	41	153	126	13	13	68	76	21	20	63	118	41	1	3829
120794	mitochondrion	60	151	78	20	25	103	87	6	34	78	7	2	13	18	97	7	66	159	321	38	22	100	101	4	20	86	91	6	3	19	45	3	89	194	144	34	51	182	136	6	16	114	85	4	13	45	1	1	31	40	72	15	46	127	102	9	16	45	79	10	21	73	98	33	1	3802
125878	mitochondrion	157	103	118	27	62	79	70	16	63	45	4	1	12	19	84	25	143	137	140	50	33	91	58	25	34	67	75	18	14	18	35	7	190	112	121	58	80	97	109	13	63	62	69	15	25	30	1	1	71	43	59	38	72	152	69	19	29	44	62	29	36	74	50	58	1	3781
128390	mitochondrion	54	161	58	15	31	87	99	14	31	81	5	3	4	21	88	21	72	174	311	45	25	83	100	9	30	80	87	12	11	18	37	5	67	221	134	33	39	164	144	6	12	118	79	8	9	44	1	2	29	52	58	29	43	145	101	8	16	46	75	19	23	75	81	47	1	3800
134920	mitochondrion	117	124	103	25	50	78	56	12	36	73	8	2	6	18	92	26	169	111	184	44	62	75	66	10	26	79	82	19	13	13	42	12	147	131	83	63	59	119	101	13	39	82	56	14	11	43	0	0	91	56	61	30	95	151	97	13	27	52	73	24	39	79	79	52	1	3813
146911	mitochondrion	109	91	106	32	28	38	81	11	42	66	6	4	9	24	85	23	123	107	230	48	19	69	111	14	37	80	73	17	10	24	26	9	133	147	168	47	54	147	184	12	44	96	64	17	15	51	1	0	30	45	59	25	49	114	135	16	22	41	57	28	32	98	51	36	1	3770
148594	mitochondrion	57	153	63	29	24	95	93	5	31	85	7	2	6	24	95	9	55	165	300	55	23	110	94	4	19	85	92	8	4	20	43	4	79	193	145	34	44	195	143	2	22	112	81	6	6	49	1	1	31	43	61	22	35	147	106	9	12	49	73	17	21	74	92	35	1	3799
150288	mitochondrion	120	117	88	17	51	61	62	3	46	68	6	2	10	20	107	7	178	113	212	42	62	88	73	5	30	77	90	8	4	16	45	8	155	105	105	58	63	99	145	1	41	83	69	5	10	39	0	0	79	46	85	24	98	147	107	2	26	49	79	17	41	75	81	43	1	3813
158456	mitochondrion	178	79	232	36	62	42	83	5	80	49	7	0	13	18	88	18	113	70	149	20	60	79	79	12	37	63	90	9	13	11	42	7	227	94	165	37	80	91	131	8	61	69	82	9	25	34	0	1	49	25	94	18	82	109	91	1	41	35	75	15	73	46	77	35	1	3824
173247	mitochondrion	148	89	190	17	57	56	77	4	66	42	6	2	14	13	112	6	167	96	167	20	73	63	85	4	42	68	92	8	10	12	49	5	210	88	118	42	58	101	131	7	74	53	69	3	19	35	0	0	78	48	73	11	80	108	124	8	33	46	85	10	57	59	101	24	1	3813
176946	mitochondrion	77	143	86	19	27	62	109	6	33	77	7	0	19	14	92	8	61	100	291	25	23	34	145	4	21	79	86	10	6	11	39	6	126	202	209	32	54	156	208	8	41	107	92	6	9	38	3	0	44	33	78	14	25	112	103	4	19	47	86	11	29	71	74	18	1	3779
181119	mitochondrion	52	170	58	15	37	100	81	4	18	95	6	2	6	27	95	12	68	153	310	52	34	84	104	2	21	85	87	14	7	20	36	7	74	219	123	42	39	144	124	8	22	106	82	3	6	50	2	1	30	65	64	22	43	181	102	5	11	57	72	17	19	92	72	41	1	3800
181472	mitochondrion	116	113	78	32	43	76	69	19	39	81	3	4	6	20	85	28	143	156	169	74	49	109	52	14	32	74	71	29	10	14	40	11	147	144	98	69	64	111	101	13	35	79	60	15	13	39	0	0	59	63	58	36	58	166	91	30	26	50	67	29	29	88	69	53	1	3819
188379	mitochondrion	46	171	55	18	26	100	89	6	30	80	7	0	6	22	97	11	56	174	338	31	32	89	96	5	23	85	85	12	6	17	42	6	66	217	137	31	45	169	145	4	16	117	83	6	10	47	2	2	33	41	65	23	45	139	98	8	9	52	74	19	35	68	89	29	1	3785
194408	mitochondrion	106	109	159	34	43	54	102	14	36	75	5	1	7	16	84	27	81	98	182	57	34	57	89	26	31	65	94	20	11	20	32	6	132	134	166	63	51	106	160	27	41	80	70	10	17	42	2	0	47	61	52	33	51	125	124	16	25	50	61	29	25	99	51	44	1	3769
195615	mitochondrion	121	122	95	34	55	57	56	21	34	77	6	2	9	14	95	27	151	151	158	60	49	101	61	14	23	84	82	12	9	16	39	15	159	105	92	59	63	108	113	22	35	78	60	16	15	41	1	0	66	72	80	13	73	133	125	15	20	55	72	29	36	89	71	52	1	3818
205130	mitochondrion	86	145	86	27	30	96	69	6	34	77	6	2	9	15	96	24	115	196	197	39	35	126	58	9	34	79	88	10	4	20	40	9	128	170	116	40	63	144	121	4	42	91	74	5	17	35	0	0	56	42	50	21	59	164	94	10	17	53	75	21	21	97	62	46	1	3805
215358	mitochondrion	88	142	91	20	34	76	58	9	51	59	6	2	6	21	100	19	127	216	171	59	61	111	43	9	31	81	82	13	10	17	43	8	143	127	90	68	51	138	118	7	45	75	60	10	6	44	1	0	62	63	45	27	68	168	91	15	22	53	73	31	35	110	58	45	1	3813
219594	mitochondrion	54	167	40	14	23	100	87	13	19	89	7	1	1	28	88	20	46	178	310	79	26	92	102	10	10	100	68	24	1	16	45	10	63	214	112	57	31	157	113	16	16	105	77	12	7	52	0	2	37	59	71	28	52	173	94	11	6	54	74	22	14	79	74	54	1	3804
221976	mitochondrion	50	173	74	14	43	79	106	2	27	85	7	1	5	25	102	4	82	131	317	58	46	72	94	10	16	83	83	7	6	17	44	4	95	193	119	41	66	108	135	4	24	109	77	10	8	51	1	2	36	46	96	24	58	146	89	12	18	49	71	19	19	66	110	31	1	3800
241271	mitochondrion	87	146	58	21	46	68	70	13	28	86	7	0	6	21	98	23	173	189	181	45	44	97	68	10	22	83	81	24	10	9	45	12	105	151	96	52	59	123	107	22	28	85	66	11	10	50	0	1	57	76	66	25	73	138	114	18	17	58	76	28	30	96	85	26	1	3820
244447	mitochondrion	122	114	187	22	53	62	90	9	66	63	8	1	12	19	92	19	121	97	176	40	73	66	62	4	40	68	83	9	13	18	38	4	188	139	157	35	88	88	131	11	63	52	78	6	24	30	0	0	53	38	77	19	69	89	104	11	37	42	69	22	49	51	95	42	1	3808
259920	mitochondrion	132	102	186	13	39	60	115	4	79	47	8	1	12	10	111	10	98	85	268	10	44	31	130	4	46	50	95	6	14	8	45	5	199	145	160	25	54	85	146	2	62	91	82	3	18	37	0	0	48	15	90	14	79	87	107	2	37	36	90	9	74	35	100	16	1	3816
260615	mitochondrion	94	128	152	22	44	56	107	4	54	68	8	3	14	18	101	16	71	74	258	23	29	47	132	11	44	62	95	5	8	9	49	6	139	169	207	36	67	129	152	1	43	100	85	6	21	29	0	1	33	30	83	14	52	105	94	7	21	42	86	9	32	61	95	32	1	3793
260995	mitochondrion	204	53	301	23	78	27	107	3	94	21	7	0	22	6	101	14	130	32	119	13	60	20	117	2	52	36	90	7	19	7	38	2	290	53	214	38	99	57	158	2	98	38	78	7	38	13	2	0	70	13	78	12	72	49	116	5	57	11	78	17	89	33	70	16	1	3776
283035	mitochondrion	121	114	128	12	48	78	53	8	57	57	4	3	5	18	100	20	203	112	180	32	78	94	48	2	39	71	85	13	16	13	41	6	195	77	105	45	59	115	102	13	55	61	72	3	17	37	0	0	73	52	67	26	66	162	122	8	26	51	73	27	61	69	78	39	1	3815
40157	mitochondrion	41	181	69	17	26	102	106	8	30	79	6	2	7	23	99	8	60	110	363	32	23	84	113	2	25	81	96	4	3	11	49	5	72	226	139	30	30	141	145	2	18	116	86	0	8	49	2	1	32	53	88	15	35	161	97	7	12	56	80	12	17	52	121	31	1	3799
307959	mitochondrion	93	132	129	13	47	43	89	6	60	56	8	0	6	19	108	12	90	79	286	37	22	58	122	7	22	84	92	10	11	11	48	6	175	113	147	35	29	123	154	10	44	71	74	6	12	45	0	0	49	38	99	31	55	137	127	9	20	52	74	26	32	52	106	56	1	3807
310571	mitochondrion	98	145	98	16	43	79	65	5	47	67	7	0	12	17	106	13	133	161	223	30	60	96	60	2	31	76	88	8	12	17	38	10	154	135	121	33	55	120	129	8	35	82	76	3	13	45	0	0	57	47	78	20	61	141	118	10	30	46	81	14	51	68	86	33	1	3813
356909	mitochondrion	45	182	66	20	28	99	89	10	27	86	6	2	5	25	98	7	75	127	317	64	41	76	101	7	11	89	83	7	8	16	44	5	90	198	125	37	44	127	128	13	32	102	78	9	10	47	1	2	36	48	91	24	44	163	98	7	15	51	81	10	26	58	99	40	1	3800
8845	mitochondrion	65	166	50	14	26	90	93	20	15	92	7	1	4	26	93	14	44	139	325	73	24	84	112	10	13	97	83	12	2	17	45	8	54	224	137	42	38	142	113	12	17	109	79	11	2	53	1	2	36	55	75	28	39	185	91	16	10	55	70	21	16	66	97	42	1	3802
409849	mitochondrion	136	104	92	24	57	61	61	4	56	52	6	2	10	17	101	14	183	143	176	47	69	99	54	4	38	70	85	16	9	16	42	7	184	83	96	60	58	92	139	5	56	70	66	4	12	40	0	0	74	40	84	29	74	150	131	1	30	44	72	23	35	79	67	60	1	3813
433405	mitochondrion	115	116	95	24	52	74	57	13	42	72	6	2	8	17	99	21	170	139	179	45	46	102	54	19	44	62	85	18	11	18	40	7	154	113	97	63	39	146	87	25	48	69	58	14	18	37	0	0	72	56	63	34	72	147	107	20	21	55	61	34	38	78	71	64	1	3813
8801	mitochondrion	74	149	80	25	41	69	106	13	46	67	6	2	3	21	82	27	68	169	287	51	30	99	84	10	29	79	86	11	4	12	46	8	104	193	125	28	55	131	134	13	42	89	74	9	16	41	1	2	48	39	72	22	51	150	93	10	32	31	79	13	40	58	83	38	1	3800
69293	mitochondrion	133	114	113	25	69	68	52	10	46	66	7	1	9	16	96	23	228	92	137	40	69	78	65	5	41	65	83	15	19	7	43	10	156	109	95	60	76	98	107	9	39	73	57	14	13	45	0	0	84	55	69	27	101	139	105	7	22	55	75	25	62	73	76	42	1	3813
932674	mitochondrion	55	171	34	1	44	101	75	9	38	75	7	0	11	19	99	9	60	116	373	65	46	52	119	6	17	87	90	9	8	9	47	7	103	196	121	52	80	103	122	3	32	103	81	4	11	46	1	2	43	49	86	23	52	132	108	12	13	56	77	12	26	60	104	29	1	3801
45807	mitochondrion	42	180	48	19	29	97	85	9	20	96	6	2	6	24	102	4	47	164	345	52	36	81	95	8	15	85	81	12	9	15	42	7	80	198	126	37	49	138	126	6	12	122	81	5	7	51	2	1	35	60	82	22	49	158	101	9	15	52	70	21	22	63	100	37	1	3800
1234273	mitochondrion	75	148	142	18	27	82	66	2	54	62	7	0	10	17	107	15	79	90	265	42	43	93	67	6	32	80	93	6	5	19	49	2	154	129	136	41	55	106	144	10	38	80	78	3	10	38	0	0	42	48	103	30	57	155	114	12	21	59	79	19	28	80	99	35	1	3806
1250792	mitochondrion	108	124	82	22	45	85	59	7	36	81	5	4	6	22	99	17	150	184	190	47	64	110	40	6	34	66	91	13	11	23	33	7	155	128	113	49	57	137	109	8	33	79	70	9	12	45	0	0	43	69	60	21	68	148	107	15	21	52	74	21	36	85	67	50	1	3812
1415580	mitochondrion	139	89	240	22	44	28	143	8	63	45	5	3	15	15	98	11	61	33	185	21	26	16	142	11	37	54	89	15	8	4	55	3	200	129	224	39	58	81	201	8	53	96	89	2	18	28	0	0	54	32	81	14	69	78	118	3	34	33	80	10	46	59	81	32	1	3778
1608454	mitochondrion	101	117	105	20	45	51	86	14	50	65	6	2	7	19	96	24	83	86	266	64	21	60	108	22	14	91	80	20	7	11	47	10	159	108	123	57	36	120	152	16	44	80	68	12	9	45	0	0	57	45	93	38	54	151	116	12	14	56	67	32	27	52	95	71	1	3807
1825980	mitochondrion	79	136	133	25	43	59	132	3	39	84	5	1	12	18	95	17	80	62	286	20	16	22	159	7	38	64	95	7	7	10	50	3	131	181	209	34	55	139	161	4	36	106	83	8	14	34	0	2	30	28	88	17	49	103	86	7	28	40	78	13	42	53	91	34	1	3791
302047	mitochondrion	91	151	81	17	34	76	54	18	28	83	6	2	9	16	93	27	144	178	169	71	54	103	50	19	30	79	77	16	8	13	46	13	114	140	79	73	45	112	102	33	28	91	58	18	9	40	0	0	73	84	50	26	59	172	100	31	18	60	69	31	32	83	73	54	1	3813
8036	mitochondrion	110	119	114	28	54	67	54	9	51	62	8	2	15	13	104	18	172	132	168	39	51	84	57	23	30	76	85	13	10	14	44	7	142	131	97	50	78	121	96	14	40	73	71	5	12	41	1	0	62	53	88	30	78	150	103	17	17	58	88	19	30	77	91	49	1	3815
